Date,Year,Month,S1,S2,S3,S4,S5,S6,S7,S8,S9,S10,S11,S12,S13,S14,S15,S16,S17,S18,S19,S20,S21,S22
10/15/1973,1973,10,551.2,1361.6,6542.4,243.1,1973.2,8149.7,763.7,1324.2,12158.7,112472.3,3476.3,2819.4,17139,857.9,25105.6,5890.1,5770.7,14682.2,21790.2,4500.4,11028.5,258600.2
11/15/1973,1973,11,410.7,354,24866.5,10014.8,17852.3,7472.8,7446.8,1527.8,7699.8,18064.5,7400.8,2929.3,12274,1995.5,21067.1,1017.7,984,11675,22285.1,6354.9,20393.1,204086.4
12/15/1973,1973,12,27.8,32.5,7695.9,1394.5,5377.9,5087.3,1870.5,296.8,5421.6,12131.4,1083.6,234.7,3993.3,1435.2,10328.5,193.2,416.5,4508.2,13464.7,2235.2,16591.8,93821.2
1/15/1974,1974,1,27.8,58.6,9231.8,1683.7,7138.9,5516.3,1917,657.2,9286.4,14714.9,4221.4,826.4,4106.2,872.2,8054.2,82.6,72,1781.1,6784.6,252.4,5120.6,82406.3
2/15/1974,1974,2,402.5,1874.3,6591.6,221.6,5806.2,9795.1,2119.4,9750.5,19467.2,15022.1,20714.5,13506.6,14323.5,6269.2,30607.1,8945,5088.8,33503.1,41698.9,23365.9,30175.2,299248.1
3/15/1974,1974,3,375.1,744.9,8626.6,372.8,6326.7,10395.3,563.3,1015.2,25723.2,24630.3,4044,3291.2,11539,5281.2,30993.8,1942.2,7565.6,12743.3,11194.6,17809.1,27983.5,213161
4/15/1974,1974,4,1221.6,12704.8,4311.5,1871.5,10452.6,41506.8,4138.8,40537.7,50527.2,47972,30970.7,24347.5,92852.5,32479.6,120017.7,10533.5,26292.7,74284,29603.1,43707.7,55398.5,755731.8
5/15/1974,1974,5,3573.2,39894.7,58370,52423.6,146605.5,85327.7,64070.7,116592.2,18795.7,47539.3,61255.7,47120.2,242484.4,172155.4,307457.2,26423.4,41220.5,212765.4,129547.1,93764.6,140400.5,2107787.1
6/15/1974,1974,6,3880.3,59622.2,40552.2,32513.4,99623.9,106907.5,41366.4,144442.1,53936.2,71067,66332.7,55565.3,259036.1,194793.8,270616.6,47107.4,47365.1,265142.5,82988.2,94836.9,138181.2,2175877
7/15/1974,1974,7,3653.3,59203.7,42695.4,34262.5,106342.8,121811.6,43564.6,157183.4,61438.7,81348.1,72829,61690.5,292154.2,215471.4,310832.8,66182.5,65211,303777.6,92010.4,104835.3,146878.2,2443376.9
8/15/1974,1974,8,4296.3,66448.7,42571.6,35353.6,117702.3,125818.3,47840.6,173669.7,64474.8,71691.1,75811.6,63689,275016.5,176009.1,255656.5,72203.3,126597.6,294440,83235.8,98513.8,138151.2,2409191.3
9/15/1974,1974,9,3681.2,50829.5,63591,43839.7,101052.4,85284.9,32782.6,115037,59784.3,218365.1,55102.7,47165.9,208241.9,110788.4,223629.2,57850.5,134796.8,175248.8,73951,73256.1,100537.3,2034816.2
10/15/1974,1974,10,1440.9,7468.4,1532.9,687.5,11158.2,14659.6,6185.6,30803.4,31416.3,77918.4,17676.6,15456.6,39789.4,5209.8,27687.8,11757.4,7548.8,21247.9,29104.8,4537.9,27130.4,390418.4
11/15/1974,1974,11,1177.6,11330.7,42450.7,17209.6,23410.5,13753.6,14294.2,8111.3,19497.9,31318.7,11530.2,5275.1,24713.9,5771.9,48350.9,9174.3,10609.7,35242.3,23737.1,10338.7,26665.6,393964.4
12/15/1974,1974,12,31.3,65.6,8473.1,1537.3,3241.4,3823.9,2522.9,442.4,5139.3,16925.8,2003.1,399,4313.2,1439.3,12536.4,356.4,398.4,3978.3,12584.3,2179.2,13836.1,96226.6
1/15/1975,1975,1,32.6,221.3,10042.8,1980.5,3816.1,6609.5,3166.1,6419.6,13389.9,15172.8,12146.4,3988.5,10305.5,2599.7,21029.3,4069.9,3013.3,21088.4,21240,7482,20256,188070.2
2/15/1975,1975,2,340.4,251.1,5415,178.1,4042.2,3372.1,407.7,323.2,5908.6,16868.7,2135.8,1714,4352.3,5056.9,24404.4,1363.1,1141.5,17575.4,36846.4,20880.6,24231.8,176809.2
3/15/1975,1975,3,344,586.9,7739.7,303,7342.5,8790.4,628.2,511.3,23078.4,27308.3,4289.4,2263.3,12523.2,5609.2,26346.6,1730.1,10323.4,21624.2,14145.5,22596,27046.4,225130
4/15/1975,1975,4,1588.9,13256.6,3529.1,1793.2,11194.3,34177.2,3757.4,40439.3,41227.6,48954,29817.3,23770,100876.6,23490.5,106516.3,11872.5,87753,108696.6,34273.6,45129.6,50258.2,822371.9
5/15/1975,1975,5,3243.8,42654.7,83037.2,61007.7,172527.5,89626.3,80241.3,117872.3,22155.6,49853.2,64360.1,47477.6,238090.2,182582.4,373392.7,28255.5,93991.3,249505.1,121916.6,100087.5,142013.3,2363891.9
6/15/1975,1975,6,3688.1,61200.5,42798.5,33678.4,113040.5,103873.4,47975.1,154898.1,54366.1,66809.8,70978.3,57447.6,250463.5,193890.7,283233,44988.9,53263.5,272894.3,81756.1,100141.7,140653.9,2232039.9
7/15/1975,1975,7,4050.2,68764.9,48141,38736.4,134801.1,133208.3,56997.6,187996.6,63187.8,79668.6,84776.4,68804.6,291010.3,223152,336213.1,63882.5,98296,328677.9,85133.1,110642.2,151421.4,2657562
8/15/1975,1975,8,3752.3,62367.6,42407.4,34652.4,123725,133709.1,50450.6,158444.8,59168.9,61432.6,68226.4,60175.6,253901.6,176126.2,263354.6,67645.9,161164.2,291198.8,81219.1,104522.2,145767.9,2403413.3
9/15/1975,1975,9,3458.2,51338.6,73022.6,43695.2,120876.4,86822.6,36094.2,112756.8,62018.2,211873.3,51812.1,46692.3,197588.5,109878.8,214111.1,52479.8,132386.1,176918,63011.2,75736.5,98381.5,2020951.9
10/15/1975,1975,10,403.3,2055.9,216.8,252.9,3113.8,11869.8,2034.4,12544.6,47209.7,77778.4,16063.8,11215,38757.9,4126.6,31891.4,24622.5,12465.1,32170.5,41180,14573.7,37501.1,422047.3
11/15/1975,1975,11,1782.4,13955.3,42920.8,13653.6,25468.4,13283.6,16055.9,31551.7,10508.7,32096,26178.2,8324.5,33918.1,4697.1,54253.6,12014.1,12225,38951.7,22088,9485.2,30425.6,453837.3
12/15/1975,1975,12,30.8,115.2,7873.5,1282.9,2749.6,5095.1,2802.9,5598.7,4273.4,21976.9,13955.7,5512.2,30144.1,6290.5,33363.7,6970.6,6690.9,36367.1,28363.5,14282.5,24226,257965.9
1/15/1976,1976,1,106.1,739.7,1034.7,1140.1,2999.8,7907.7,5564.1,22058,9257.9,15758.4,16630.1,5061.7,20347.4,3024.6,14640,7670.4,6377.9,23193.9,22575.1,5481.5,19450.5,211019.3
2/15/1976,1976,2,404.1,5373.6,2507.3,387.4,7032.2,9456,2684,5329.5,1225.9,17062.8,7614.6,9787.2,7495.6,4713.3,18325.1,539.4,713.3,7930.3,20566,19206.1,20110.2,168463.8
3/15/1976,1976,3,899.8,10282.9,7904,2559.6,24615.8,16465.6,3800.1,29162.3,18262.6,38769.1,31842.1,19606,77892.5,9603.9,72805.6,35627.6,53039.3,75205.9,28944.5,46357.4,45633.7,649280.5
4/15/1976,1976,4,1641.6,17429.9,5633.8,5787.6,12019.6,41228,7577,65778.9,5654.4,49513.6,30776.3,26058.3,101555.9,22012.3,94081,48131.3,81266.2,118150.3,25553.6,46348.3,52895.1,859093.1
5/15/1976,1976,5,3100.6,53441.7,67591.5,48583.1,185079.6,71381.2,79024.4,139850.2,56552.7,61178.2,72320,49204.5,259680.8,197400.9,458004.5,36219.5,170552,406504.9,179860.7,111426.9,165700.9,2872658.8
6/15/1976,1976,6,3487.3,64507.4,42104.3,30669.1,109906.8,107544.8,41850.2,159167.6,67965.9,66711.3,82731.6,56723.4,249861.4,195236.9,349958,47658.8,170739.8,375323,87669.7,110488.5,142980.8,2563286.3
7/15/1976,1976,7,4447.8,77822.4,49074.7,36675,133431.9,128955.7,50495.1,197952.5,104551.2,82663.6,102539.9,70305.9,292967.9,216134.6,396897.8,105169.5,196853.3,434198.1,81255.9,118897.8,156450.5,3037741.2
8/15/1976,1976,8,2880.3,62276.7,39898.3,29720.8,108798.6,118944.1,42560.2,154077.4,67560.6,62020.6,76573.4,58166.5,249435.4,169837.9,328350,132196.8,191267.4,394677,84400.6,115682.6,153607.2,2642932.6
9/15/1976,1976,9,2714.2,44252.2,53108.2,21367.4,100583.3,69959.6,33102.3,97427.6,45569.2,181062.7,69621.1,37492.1,142149.9,62052.6,158758.4,73196.1,101412,100287.2,60674.7,49632.7,62061.3,1566485
10/15/1976,1976,10,2186.6,26339.5,4029.8,1386.7,30946.3,19942.6,13129.2,45313,59747.1,80637.6,41582.1,21209.2,73478.7,7545.3,85040.7,28515.4,36426.7,132544.2,56655.7,24760.7,46895,838312.2
11/15/1976,1976,11,1066.6,6916.1,7257.7,8020.8,18365.2,11057.2,16118.6,11306,14821.3,26764.1,11602.4,5157.5,17303,2912.6,23786.7,6123.5,7469.2,7272.4,13633.9,4040.6,28698.5,249693.9
12/15/1976,1976,12,138.1,584.2,769.6,435,2279,5127,3791.3,16019.5,12680.3,18822.3,19675.1,9590.7,19200.9,3961.8,27869.7,7643.6,7794.5,27890.7,29745.9,19128.2,26767.6,259915.1
1/15/1977,1977,1,30.8,79.9,1099.7,667,2515.2,4095.6,2223.2,3093.1,11698,15761.8,5800.8,974.8,4682.9,2593,11335.5,953.7,1584.9,9835.5,8728.1,1045.2,10196.5,98995.1
2/15/1977,1977,2,1009.2,5391.8,2258.5,160.3,4837.4,8514.3,2499.7,11911.4,25485.6,22446.3,30948.7,29005.2,48176.9,24275,125736.6,20882.7,22399.6,92431.5,64015.3,40222.3,36375.3,618983.5
3/15/1977,1977,3,822.3,9873.5,2127.1,1723.8,20328.4,19434.4,3374.9,23400.8,13256.6,36565.4,37928,19492.5,99503.5,30832.1,69300.3,43595.7,92022.6,94136.4,12697,33138.1,37470.3,701023.6
4/15/1977,1977,4,2484.1,30683.9,10173.3,8855.2,30129.3,66792,14295.4,88287.8,18829.2,62292,50375.7,56797.2,144580.7,74579.6,211638.1,72310,110807.9,184321.1,56555.3,78256.9,82518.8,1455563.4
5/15/1977,1977,5,1781.3,29303.6,84836,37476.2,173868.4,85085.4,91621.2,95278,72106.8,75961.2,84842.7,83916.1,235669.9,219085.9,411783.9,92562.1,143761.9,366700.8,183698.9,100622.6,162352.5,2832315.3
6/15/1977,1977,6,3738.9,75829.2,39380.1,32432.8,106069.6,128744.9,56767.6,163524.9,152350.7,101960.8,101242,99935.4,265574.8,238600.8,374191.5,37023,185216.9,399974.9,104943,115959.9,180649.3,2964111.1
7/15/1977,1977,7,4637.3,84344.1,44271.3,34514.1,123213.6,153233.6,67212.6,190371.6,158443.2,110613.9,129390.7,128591.7,318291.5,267018.9,400791.9,56787,184484.5,472014.8,84444.6,127552.3,193522.5,3333745.8
8/15/1977,1977,8,4359.9,79328.4,49350.6,44801.7,121247.9,140331.3,61915.4,178258.8,117905.6,91354.3,133524.7,121833.5,298291.3,227431.5,329608.7,135821.4,196172.4,395658.3,80814.2,113260.7,162684.9,3083955.6
9/15/1977,1977,9,2297.8,45305.3,71963.3,27451.1,132206.7,72827.8,42887.7,99842.9,54029.5,230330.1,105242.6,97506.2,226626.8,140279.6,290171.8,98231.6,144673.3,253225,110428.3,89288.7,121588,2456404.3
10/15/1977,1977,10,2275.1,32692.9,4223.6,2177.2,48649.3,21797.9,13606,52269.8,21748.3,90398.2,48330.2,49215.1,82074.8,16828.3,57035.5,45167.1,54406.1,56776.4,47313.7,32512.4,52744.5,832242.4
11/15/1977,1977,11,420.6,596,6806.6,7245.2,21541.1,5100.5,10140.7,2714.1,9629.9,28474.4,9276.3,7058.5,29174.3,12763,48925.5,4029.1,3813.4,48790.8,21909.4,6417.5,32190.8,317017.5
12/15/1977,1977,12,31.3,46.3,1182.8,499.1,2312.4,3177.5,2015.1,368.2,4361,15873.5,1205.7,231.1,3538.4,5294.2,13863.2,123.5,137.9,1974,8043.8,517.3,6586.9,71383.3
1/15/1978,1978,1,31.3,42.1,2736.1,967.8,6202.3,2594.7,1712.4,446,3208.6,15941.3,477.1,119.6,3574.1,2182.2,8548.1,92.4,217.2,1922,7766.1,375.6,8158.5,67315.5
2/15/1978,1978,2,384.4,363.3,290.2,18.3,4161.6,3630.6,541.6,472.1,7239.4,18098.7,2322.1,970.8,3632.6,1996.9,10337,131.8,242.6,2005.6,6347.9,567.8,3054.7,66810
3/15/1978,1978,3,386.7,598.3,2942.9,120.3,6994.4,7786.3,409,554.7,16998.2,27949.7,3108.1,1313.9,5015.3,3059.5,16834.9,392.9,252.4,2760,10919.2,2498.3,5042.2,115937.2
4/15/1978,1978,4,513.5,3469.2,1507.7,237.4,4348.8,20061.8,1433.9,8922.7,35095.7,36493.8,12396.4,5743.2,13264.1,20807.5,47782.9,1905.8,4898,33710.4,16389,27160.7,39365.2,335507.5
5/15/1978,1978,5,3469,36605,52945.3,25751.6,104969.5,62111.9,55386.8,103328.3,29488.2,23824.3,55666.5,43735.9,174866,149716.5,280201.7,25744.4,56704.9,191392.1,98445.1,87919.6,141893.6,1804166.2
6/15/1978,1978,6,3843.1,62357.2,43794.1,30637.6,90048.1,89273.2,40576.9,150776.9,45369.2,52427.4,64322.3,58347.5,247947.9,198793.3,247628,30285.5,50877.9,221539.6,77019.4,90897.2,148685.7,2045448.1
7/15/1978,1978,7,4491.6,72873.9,50555.7,36806.4,110176.9,111561.1,49327.1,186307.2,87321.5,71090.9,76664.3,71009.3,286948.5,226567.4,270970.9,47283.8,65366.6,261550.6,72281.7,98637.9,156255.9,2414049.1
8/15/1978,1978,8,4236.3,67780.3,44957,33079.9,104300.8,105746.8,45210.8,168584.2,63765.7,64039.7,66055.1,65500.2,257870.6,191216.6,205534.7,57366.2,83408.9,220177,69772.8,87649.8,126481.8,2132735.4
9/15/1978,1978,9,2803.4,38500.3,54323.4,20061.3,68510.7,63888.1,27582,86889.3,50716.5,199576.1,39981.5,35991.1,149391.4,103679.7,181396.9,39545.2,87178.4,91266.9,53383,47519.1,69305,1511489.4
10/15/1978,1978,10,3058.1,30066.1,5893.1,2632.8,30587,17707.6,9533.7,51842.6,10888.6,85544.8,24948.1,25728.6,85728.9,7223.6,61013.5,20285.7,18479.2,89675,23081.5,25353.1,40011.3,669282.8
11/15/1978,1978,11,532.2,1512.2,9009.2,8980.6,20128.5,5857.4,9784.9,2478.7,7096.5,23097.2,2321.3,774.2,5918.2,1840.5,15922.2,551,1644.2,10715.7,18656.7,4630.5,26306.7,177758.5
12/15/1978,1978,12,91.7,587.5,1184,655,2740.8,6190.7,2613.5,6883.7,12461.1,18905.9,12267,3248.7,7627.9,6501,34005.8,2990,1730.5,10519.3,23222.2,13030.4,17119.5,184576.3
1/15/1979,1979,1,31.8,65.7,1809.8,1312.2,4353.6,2747.2,1780.2,574.8,2995.5,14714.2,581.6,117.2,3586.6,1472,7968.2,75.3,171.5,2084.5,5843.8,213.9,3828.8,56328.4
2/15/1979,1979,2,458.6,355.9,30.8,10.3,4029.3,3292.7,475.7,385.9,6286.1,16860.1,3460.7,990,3727.2,3492.3,13468.9,168.6,768.7,10299.9,13867.7,5907.5,12455.4,100792.3
3/15/1979,1979,3,482.3,1580.5,1528,100.5,8069.4,9503.2,576.2,3420.2,24248,24802.9,12471.4,5280.3,8859,6738.9,15961.4,1030.9,5563.8,7558.8,10682.2,12931.2,13633.5,175022.7
4/15/1979,1979,4,2429.4,14140.4,4195.5,2008.2,9540.9,28399.6,4368,46328,45234.9,47167.7,31061.3,26068.2,94180.1,47962.6,119747.9,13150.9,46714.7,123427,34268.5,71529.4,59181.6,871104.8
5/15/1979,1979,5,3483.1,39623.6,78878.1,56343.4,144023.6,69206.7,63867.2,119403.8,22688.9,41387.9,54501.5,46864.5,221180,205689.7,324205.5,22560.9,55895.2,236078.7,105074.1,101528.9,132905,2145390.3
6/15/1979,1979,6,4717.6,64504.3,43781.6,31586,99936.1,86074.2,40902,149934.3,56618.2,72623.8,62425.9,57230.3,250149.5,204220.7,233583.5,36314.2,57633.3,244055.8,71819.7,91470.1,122366.5,2081947.6
7/15/1979,1979,7,5355.7,73925.6,49739.9,37136.8,120354.2,103473.4,47704,180122.2,71217.7,84985.4,73852.2,68729.1,286001.2,223422.3,274162.2,53501.2,90612.2,279690.1,71320.6,95217.9,144307.6,2434831.7
8/15/1979,1979,8,4823.4,64757.4,43612.8,32564,107968.3,100750.6,44400.8,167938.5,67900.4,72065.3,64812.6,64391.1,261701.4,193460.5,259175.6,69716.4,160777.1,303883.1,76948.6,94447.7,135722.5,2391817.9
9/15/1979,1979,9,4032.2,47767.1,56227.8,29999.9,96066.4,67247.9,32049.2,107096.3,47217.8,216098,46002.6,47952.8,195132.9,139594.4,256972.7,48225.2,145210.6,227604.1,65807.5,79631,96867.6,2052804
10/15/1979,1979,10,608.7,2382.7,594.1,586.7,3250.6,13786.1,1743.8,7335,24348.7,78735.1,10930.5,13754.1,49338,4641.1,33085.2,34198.8,42919,43263,14367.9,23643.2,29651,433163.2
11/15/1979,1979,11,527.5,663.7,5793.7,7047.6,21516.6,8025.7,9465.4,3396.7,14848.1,25145.7,6034.2,5035.7,10908.5,1970,39086.4,3249.1,6022.7,50585.5,21868.3,6570.5,25479.7,273241.2
12/15/1979,1979,12,31.8,96.6,1183.5,730.9,3546.9,3127.8,1975.1,432.5,4508.6,16388.5,2652.3,565.5,5533,8272.8,64570,5418.6,5700.9,50247.9,37540,25754.3,22295.3,260573
1/15/1980,1980,1,31.8,110.2,1332.9,1630.1,10274.5,3096.6,1917.5,546.2,3775.1,25702.7,729.5,105.6,5095.7,1558.4,8333.3,72.8,21.3,2569.3,6937.3,140.1,3900.5,77881.3
2/15/1980,1980,2,485.4,252.8,29.7,9.9,3874.4,2691.6,335.2,261.9,5919.1,14878,1472.2,599.5,3455.8,2677.5,10176,158.1,605.1,3573.1,12535,5090,17267.6,86347.9
3/15/1980,1980,3,1088.3,3442.3,229.7,64.4,9269.2,9867.2,852.1,4412.7,27115.6,24229.2,10619.3,7416.3,8649.2,7623.9,21866.3,2036.5,2035,11008.3,13181.8,23712.5,24575.2,213295.2
4/15/1980,1980,4,2742.4,15165.9,4247.6,1821.3,14044.6,24869.6,4813.2,42400.6,34035.3,38896.2,26059.4,23675.4,87815.3,40479.6,83100.5,12142.1,12179.6,75274.1,19048.9,53243.4,50965.7,667020.5
5/15/1980,1980,5,3899.7,37978.3,58913.3,46237.3,171113.7,73612.6,57114.2,104912.1,23686.8,36975.7,52687.4,45333.4,222843.3,200839.8,313673.4,21837.8,52638,195686.4,113530.6,87651.7,152312.4,2073477.8
6/15/1980,1980,6,4282.5,55676.3,42552.6,30557.9,109103.1,92768.7,39856.4,150923.7,55323.7,69721.2,63226.5,59815.8,256217.5,212347,251459.1,40451.6,63423.4,240234.4,66915.8,94139.8,137286,2136283.2
7/15/1980,1980,7,5654.7,72259.4,49915.5,36971.8,133443.6,108160.9,45639.7,169914,55298.6,74370.6,73526.2,71746,293655,226464.6,254151.3,50359.5,80235.6,270734.9,68799.1,99408.6,149923.5,2390633.2
8/15/1980,1980,8,5450.5,67866.5,45026.9,33862.7,126312.7,108886.6,43832.6,169938,75270.4,58984.6,64971.2,67649.2,266640.4,194499.7,211838.1,57606.3,98860.5,239377.1,70368.2,92517,142373.1,2242132.2
9/15/1980,1980,9,4224.1,49623,62261.5,29363.2,116420.8,69712.9,30452.4,107686.2,49230.5,209414.6,48782.1,47744.6,193517.5,145100.6,234334.9,49912.5,113888.6,169062.4,49554.7,68172,104420.9,1952880.1
10/15/1980,1980,10,2703.4,21720.3,4484,1421.6,25719.1,19227.7,9099,46040.5,10364.2,82769.4,21204,24398.1,61687.6,5685.6,44783.2,15874.6,55695.4,40888.2,16558.1,26073.4,34895.6,571292.8
11/15/1980,1980,11,3795.6,11036.5,12384.2,14245.3,40004.8,13667,21448.6,28340.7,18972.7,25308.1,16517.7,5553.9,39581.8,2539.2,39595.6,6431.7,7166.2,68400.6,23954.8,9151,31540.9,439637.1
12/15/1980,1980,12,32.8,124,1352.8,809.3,3407.1,3101.1,2701.8,835,6418.4,17933.9,4099.6,1554.6,11636.3,10148.6,73231.9,8804.2,16188,54455.9,43233.2,24453.9,25321,309843.6
1/15/1981,1981,1,32.8,89.3,5297.2,2173.6,7008.2,2926.1,2571.3,620.7,3354,24381.2,600.4,98.8,5067.8,2748.4,10061.2,75.5,104.1,2586.3,8247.6,1299.8,10990.9,90335.2
2/15/1981,1981,2,513,1498.4,100.2,14.4,5233.9,5367,1786.8,5527.9,13810.3,15743.3,11419.3,7775.8,7282.6,8324.3,20459.6,3287.4,2177.1,16063.1,33116.8,22427.9,26159.5,208088.5
3/15/1981,1981,3,494,936.1,155.4,35,6999.6,9836.3,645.4,643.9,21920.2,25667.9,2783.2,1982.3,9052.6,4031.2,15341.4,1109.1,8786.6,23179.2,5904,15550.6,9777.5,164831.7
4/15/1981,1981,4,2487.2,13545.8,4767.2,2902.1,10451.7,36841.9,5716.5,44374.8,19131.7,47633.8,25261.1,25294.3,101988,40438,136900,11686.1,101350.7,159943.2,38923.4,58913.7,49758.2,938309.5
5/15/1981,1981,5,3212.9,36438,73052.7,65120.9,192303.9,83167.1,98578.1,116407.6,43843.3,54645,55916.1,48504.5,239465,194458.6,380091.2,29820.2,94813.3,351483.3,98806.8,104920.8,151636,2516685.3
6/15/1981,1981,6,5030,64510.3,48309.8,31616.1,116532.9,94154.8,47939.5,160861.6,84089,69626.9,63697.9,59127.7,256509.3,196121.9,243090.3,35456.6,66145.3,295590.1,71864.3,103542.5,138089.8,2251906.3
7/15/1981,1981,7,5691.5,74012,55061,37021.2,135935.4,113500.2,55179,191818.9,88726,82736.5,77161.2,72836.6,283192.7,211111.7,291923.5,46979.2,138460.9,323451.3,76278.8,110475,149470.3,2621023
8/15/1981,1981,8,5887.5,69359.7,48973.5,33580.1,126823.7,111345.5,50666.5,174779.7,87732.1,72468.1,70753.8,67216.9,250028.6,192254.6,286871.9,66431.4,180205.9,365729.5,81070.2,109202.9,146223.5,2597605.6
9/15/1981,1981,9,3811.3,44634.5,25889.5,18422.1,96339.2,66428.9,37450.4,108366,53857.1,214892.4,49803.6,47574.4,196546,139908.8,269208.6,92605.7,146905.6,263914.9,65796.8,87975.7,106860.8,2137192.1
10/15/1981,1981,10,702.7,1827.9,845.2,535.2,3654.1,9801.8,1397.3,6828.9,21288.9,76233.2,9814.2,10509.6,38819.8,4902,32493.7,29784,28229.1,30462.2,14860.2,22972.4,29149.2,375111.6
11/15/1981,1981,11,534.6,580.9,21706,5243.9,8625.3,4007.9,5670.5,1624,5472.4,21972.8,1490.1,174.2,5712.9,1539.6,25394.2,1758.1,3109.4,27599.1,16711.9,6747.6,22120.5,187795.7
12/15/1981,1981,12,33.1,274.8,8497.5,1521.5,6329.3,2738.3,2476.6,604.1,5648.4,15992.2,4901.6,1792.9,6331,7905.4,72611.8,5974.8,7260.5,50354.8,38124.4,23668.5,23963,287004.4
1/15/1982,1982,1,33.1,221.3,12557.4,2809.1,10020.4,2398.2,2571.2,597.6,2856.3,25225.1,589.2,149.8,4930.1,2815.7,9295.6,91.2,97.2,3502,8620.9,851.2,10660.9,100893.6
2/15/1982,1982,2,510.2,1837,5450.3,175.9,4281.4,3376.3,796.2,519.9,8284.2,15507.2,6258.7,5852.1,5908.1,9637.6,28484.7,5602.8,11049.4,38070.5,41301.5,28254.3,28523.8,249682
3/15/1982,1982,3,491.4,724.4,8051.4,303,6932.6,4941.4,564.9,236.2,10810.7,24724.9,1502.9,1064.6,6413.4,4230.3,15558.4,558.3,3026.5,878.4,2358.3,2754.2,5341.3,101467.6
4/15/1982,1982,4,2003.7,13626.5,6527.5,728.6,8619.1,14792.6,1010,6350.2,28698.7,42591.9,10358.6,11833.7,32660.6,33789.8,81321.5,6989.7,11499.4,65564.9,17060.8,43778.4,40672.1,480478.7
5/15/1982,1982,5,4476.7,49393.4,54476.7,36866,142854.3,61210.8,70000.4,102529.4,31580.7,31086.4,65265.7,46683.4,213539.2,185242.3,287810.5,21653.6,47639.5,188227.1,113373.6,92420.7,144572.9,1990903.4
6/15/1982,1982,6,3870.6,53605.3,41790.6,30451.8,97176.9,90317.2,45545,144333.1,49387.1,43706.6,73661.4,59801.1,238507.8,169806.5,195301.7,23536.7,46293.2,196916.2,61630.2,90867.8,138198.4,1894705.2
7/15/1982,1982,7,5198.3,72030.7,50223.9,37792.4,120433.1,115263,55756.8,184713,62394.3,69529.9,77274.2,74085.1,287109.2,223822.8,243931.5,43262.4,83684.4,255457.5,66331.8,99918.4,136390.5,2364603.1
8/15/1982,1982,8,5277.8,71695.4,44947.8,34353.5,114954.9,103633.4,51428.9,169585.1,62804.7,51520.5,66006.7,68228.5,259694.1,188128.1,210819.5,57062.3,104915,225431.2,68066.6,92798.5,111531.2,2162883.9
9/15/1982,1982,9,3923.2,42541.6,26160.1,20176.9,90030.4,46621,30429.5,58330.7,52089.2,188601.9,32955.4,34843.7,152005.9,115260.6,178302.3,40336.8,88048.3,117649.1,54734.2,60887.8,74258.3,1508187.1
10/15/1982,1982,10,668.2,1130.5,830.4,174.1,1873.5,9047.4,569.2,4987.7,25243.7,74973.6,8149.1,10625.8,33536.1,4212.2,26448.4,3053.4,1230,45112.5,12275.7,13287.6,32371.3,309800.6
11/15/1982,1982,11,534.2,617.2,15468.7,2151.4,8375.9,3375.4,3097.9,964.2,3946.9,13217.2,1405.7,230.1,4979.3,1020.1,12194.5,149.1,269.8,5021.6,12120.5,4105.2,16669.1,109913.8
12/15/1982,1982,12,33.3,181.3,7918.5,856.6,6770.2,2770.9,1422.8,281.7,4583.8,10913.8,2423.1,671.5,3960.9,3988.5,24047,310.3,1031.4,15574.7,29653.8,11290.8,19237,147921.9
1/15/1983,1983,1,33.3,179.2,11477.2,1471.2,10357.3,2099,1344.9,421.1,2845.3,22980.8,505.7,96.8,4687.9,1108.3,7895.6,20.7,23.9,2273.3,5538.1,120.7,3305.3,78785.8
2/15/1983,1983,2,484.9,363.7,5255.1,172.3,3776.9,2135.8,355.6,305.5,6533.7,16498.4,1947.3,1178.7,3482,2731.5,12382.6,168.6,506.1,3363.9,15522.2,5503,15967,98634.8
3/15/1983,1983,3,487.6,353.1,7713.3,260.1,5937.7,4363.4,248.5,148.7,9334.7,27680.3,1192.5,798.1,4455.2,6349.4,14320.5,362.7,2906.5,3622.1,5632.3,5594.4,9450.4,111211.4
4/15/1983,1983,4,762.1,3291.9,458.6,75.9,9569.3,14991.8,1167.8,7464.4,27170.1,33640.6,19009.9,12684,24639.3,32457.5,82272.6,6752.1,18968.7,66957,20680.2,52959.6,50847.6,486820.7
5/15/1983,1983,5,3986.2,39138.3,75647.5,32150.6,170200.2,58252.2,41854.2,81676,23344.8,19851.6,54118.9,44160.5,145625.4,148496.8,262886.6,17698.8,62437.6,189838.3,88211.9,85435.7,149515.9,1794528.2
6/15/1983,1983,6,4566.5,58851.6,37632,19708.5,92154.3,82098.2,27381.4,141093.7,40762.1,34681.6,62876.7,60492.4,231284.2,196495,254792.7,28728.4,70877.6,208554,47736.6,95068.5,149049.6,1944885.4
7/15/1983,1983,7,5523.7,74671.1,44584,24917.5,113266.6,100605.9,35072.5,169934.7,50215.7,58481.6,74563.3,73501.2,269492.3,223346.8,275081.1,40583,93305.7,244288.9,51898.7,101362.4,155463.9,2280160.7
8/15/1983,1983,8,5071.1,69308.8,39303.8,22529.1,105004.7,88283.5,32209.8,159132.8,50693.2,43156.1,62153.2,65133.3,235104.5,179231.4,230486.6,59519.2,118996.6,221579.3,56623.4,87441.8,123431.8,2054394
9/15/1983,1983,9,3426,44452.9,20381.5,10803.2,84914.8,49442.6,21210.3,78525.2,41758.4,152013.2,38238.9,38429.9,153284.6,100677.9,172645.2,38397,85929.8,114325.4,40262.1,61899.1,97176.1,1448194.5
10/15/1983,1983,10,2663.7,21779.4,4364.8,2675.6,13402.7,19603.6,6147.1,33677.9,22700.7,54649.2,16839,20910.3,49106.2,4182,39627.6,18526.2,27896.1,50546.7,16270.1,24249.2,35500.9,485319
11/15/1983,1983,11,537.1,547.7,18670.2,4251.5,9527,4018.6,6067.9,1116,4074,13487.9,1026.3,159.4,5994.6,1701.4,18460,224.5,514.2,9693.8,17812.7,4197.9,15710.9,137793.8
12/15/1983,1983,12,33.6,214.4,7419.7,1262.9,5236.8,2750.7,2108.3,385.7,3543.7,9732.1,1068.6,254.6,3584,3076.7,17083.7,168.9,428.7,4031,15743.3,4322.9,13680.9,96130.9
1/15/1984,1984,1,52.7,467.6,11444.2,2417.2,9019.7,5203.4,3275.7,4235,11031.4,21669,8767.4,2641.7,6508.9,4783.1,29198.8,4698.4,5003.6,32337.4,23119.9,14820.5,19202.1,219897.7
2/15/1984,1984,2,759.1,4354,6050.3,201.2,5149.9,6232.9,1111.3,3256.8,9482.9,13936.8,8586,8335.8,8628.3,8804.7,44395.5,6916.4,13602.2,52631.2,45178,31489.2,30082.5,309185.1
3/15/1984,1984,3,1530.8,10083.3,12085,1063.2,10279.1,15559.5,2612.4,20293.5,40663.5,29754.9,24820.5,18894.8,65655.9,15746.1,58592.8,8668.7,76241.4,64779.7,21374.1,55312.7,40794.5,594806.5
4/15/1984,1984,4,2782.3,23411.8,7338.1,4766,12736.9,42956.8,7249.7,58268.4,9879.4,48480.6,29552.5,31158.7,131496.3,50397.9,132127.9,13663.1,64429.7,118271,33248.8,52406.2,53113.8,927735.9
5/15/1984,1984,5,4235.6,55898.6,59766.3,49246.3,143543,78383.1,75003.3,124748.4,33434.8,53488.4,57317.8,52377,222821.1,215851.2,406631.8,24896.9,56717.4,369965.4,95494.4,107552.2,164177.5,2451550.4
6/15/1984,1984,6,4508.9,65971.8,40609.3,29316.3,81314.6,86196.6,41856.3,145920.7,63393.2,62455,62298.9,60138.6,221555.4,195704.8,260259.5,34969.3,67937.4,251927.4,63986.4,100121.7,137389.9,2077832
7/15/1984,1984,7,5607.2,79438.2,47151,34539.7,103381.3,103197.3,49524,183208.4,74978.7,75343.3,78202.7,75690.1,284081.9,208084.9,265076.5,45177.1,86046.3,278204.9,67816.5,103520.7,144010.1,2392280.7
8/15/1984,1984,8,5058.2,69023.8,40401.5,30209.7,90412,97719.4,44926.5,167560.2,65666.7,54976.7,66739.8,77046.2,266233.6,186521.3,254435.9,70362.9,141817.4,280959.1,68037.6,105552.2,140188.8,2323849.6
9/15/1984,1984,9,4295.1,56751.3,56274.2,37847,101984,69980,38181.7,106986.7,47815.2,210732.8,45190.8,60620.5,195764.6,131870,262746.9,47437.1,136566.7,232858.2,59994.9,78781.3,101248.3,2083927.2
10/15/1984,1984,10,863.2,5939.4,1128.2,395.8,2562.1,14115.3,1907.2,5710.3,23014.1,75836.1,9475.7,10760.6,36489.9,5977.2,33678.5,13473.6,32526.9,27570.8,23169,22963.9,40509.3,388066.7
11/15/1984,1984,11,534.4,527.9,12261.8,2550.8,5008.1,3934.2,4445.6,1130.3,5463.7,21722.9,1246.2,287.2,5386.3,1601,16076.4,389.7,601.3,8677.3,10408.7,3781.1,17863.5,123898.5
12/15/1984,1984,12,35.3,217.2,7687.1,1227,4651.7,4736.5,2355.7,729.7,7860.7,13768.6,4315.3,1666.1,3989.6,3128.2,18518.2,288.5,700.5,6814.9,13645.3,3766.3,10650.4,110752.7
1/15/1985,1985,1,72.3,509.4,11023.3,2110.4,2993.2,5302,2912.7,4508,10120.7,21516.5,8022.2,4584.5,7063,3480.1,18721.3,3376.6,1586.4,20353.4,15401.1,9531.5,12966.7,166155.4
2/15/1985,1985,2,1730.6,9927,5652.5,240,6691.5,5754.6,1457.2,5227.8,13230.5,19385,14142.2,17865,18825.3,8769.4,54211,11577.1,12315.2,56537.8,42250.2,31300.3,25280,362370.1
3/15/1985,1985,3,539.2,1356.2,9797.6,1228.3,4512.9,9191,920.1,1310.5,26923.2,26924.9,8830.2,7996.8,39443.2,9720.2,32650.6,4964.2,44157.6,45782.6,16634.1,40634.5,35009.4,368527.3
4/15/1985,1985,4,3597.7,29105.2,8493.1,5458.9,18328.9,37318,8433.5,63534.8,20440.7,52348.7,34520.8,34843.3,133669.1,54598.6,149363.9,13838.9,116244.6,172512.5,35356.2,61370.6,61618.9,1114996.9
5/15/1985,1985,5,3667.5,56272,57941,44782.1,131970,70389.8,70434.6,125431.4,35475.7,48781.8,54035.6,50686.2,230882.4,212779.5,387974.8,26187.5,107875.8,341664.9,90453.8,101241.8,164924.8,2413853.1
6/15/1985,1985,6,4547.8,67931.7,40940.2,27762.8,82989.9,81311,38881.7,144295.4,77905.5,57749.3,60983.9,58316.8,240702.4,190035.2,246981.9,34509.8,67306.2,268978.7,59690.8,93221.6,132351.9,2077394.5
7/15/1985,1985,7,5491.5,80080.9,47007.6,32349.9,97041.9,97598.4,45955.9,181292.5,85413,72599.1,78092.3,73423.1,291393.2,208932.7,260318.9,45947.6,101702,311355,66024.3,104822.8,146965.6,2433808.2
8/15/1985,1985,8,4856.6,72782.9,41586.8,29301.7,92498.6,98971.6,42300.8,165269.1,83473,63876.7,68913.5,68545.5,266720,193554.6,285532.3,73531.3,165215.4,366923.9,66168.6,109815.8,140193.4,2500032.2
9/15/1985,1985,9,2886.6,38818.4,35252.2,20814.6,74373.9,60335.9,35057.7,89600.5,50464.3,211262.8,49906,61675.8,193096,126519.2,261800.3,92207.9,140488.4,228144.6,58221,74560.8,85685,1991171.7
10/15/1985,1985,10,1863.6,18938.9,3521.4,2466,20705.3,19445.7,7573.3,28513,32859.7,88409,16037.9,18216.3,50220.5,15669.9,74418.4,55537.8,62201,46029.1,24198.1,27520.6,38153.8,652499.3
11/15/1985,1985,11,458.3,724.9,15159.2,4421.9,7944.1,4169.3,6094.6,1057.4,5783.9,21164.4,1162.5,240,4698.7,493.8,10329.7,295.4,456.7,3430.8,9061.2,1218.1,10163.7,108528.7
12/15/1985,1985,12,27.3,198.1,2652.1,647.5,2074.3,3558.3,2014.2,434.2,5700,15334.3,4465.1,1492.5,4545.2,7623.2,30201.5,1715.5,3635.8,30229,24235.5,13680.4,25325.8,179789.8
1/15/1986,1986,1,26.3,145.1,10837.6,1968.9,6895.5,2999.5,1883.3,435.4,4712.9,22890.9,1713.6,1062.2,5462.1,1429.2,9703.2,348.7,689.8,1103.3,8974.1,1706,11593.6,96581.3
2/15/1986,1986,2,409.1,210.6,5212.7,171.1,3668.1,2668.7,266,149.4,3999.1,16485,926,973,3569.3,974.7,10919.3,264.6,375.9,3601.8,22821.6,12074.5,20108.4,109848.8
3/15/1986,1986,3,413.7,745.2,7650.7,293.2,6744.1,6652.8,505.8,314.9,14002.3,25088.6,4410.4,2286.5,4896,2796.7,13185.6,485.8,2408.8,4834.1,13588.7,17822.7,22988.7,152115.3
4/15/1986,1986,4,2436.7,14180.1,3615.1,1430.9,9731.5,20208.4,4166.4,25108.4,41423.2,38208.4,21125.1,25348.7,68205.5,31874.1,95212.1,6030.7,14411.7,86717.9,14902.1,56548.6,46883.3,627768.8
5/15/1986,1986,5,3544.8,45275.6,46911.8,31402.1,106514.9,56250.7,55522.2,89776.2,16660.1,32623.6,49714.3,49174.3,210146.6,153554.6,277766.4,13821.8,52318.7,186271.8,59264.5,92560.4,143973.2,1773048.5
6/15/1986,1986,6,4682.3,69615.6,38739.3,24937,74320.8,66843.3,35009.1,134047.7,45643,52227.7,63235.4,60795.5,240368.3,178340.5,221061.9,28541.2,67613.8,231133.2,48304.3,93940.5,136332.6,1915733.1
7/15/1986,1986,7,5284.6,79994.4,44508.7,29303,91214.8,79767.7,41242,162148.2,61009.8,57870.4,76793.4,73182,277694.4,202401.9,261865.4,39433.9,90324,260662.5,58663,101552.7,142520.8,2237437.8
8/15/1986,1986,8,5014.7,75086.3,39584.4,26701.4,86121.2,80534.1,38158.6,149801.8,55832.6,47114.6,64367.2,69552.4,252266.1,179273.2,226037,59236.7,126969.2,248468.9,54625.7,93502.7,124481,2102729.8
9/15/1986,1986,9,3547.7,47731.8,28287.7,19009.1,63593.6,42708.3,24550,73062.9,55658.2,191994.2,39032,41574.3,176045.7,115428.6,228964.3,40809.9,108094.6,177404,47690.3,67610.7,89377.4,1682175.3
10/15/1986,1986,10,3553,30287.9,6413,2559.2,25696.2,26458.2,9160.2,44802,20724.3,89270,24185.3,26843.6,76984.2,15775.6,97394.5,45166.9,65963.4,60206.2,17550.2,29325.6,35382.7,753702.2
11/15/1986,1986,11,3506.4,11212,27390.2,9556.3,14880,12803.8,15801.2,22158.4,17532.9,23648.8,17516.7,5505.3,38895.9,5635,27594.1,7352.2,8709.8,52907.2,12438.6,4951.8,20425.9,360422.6
12/15/1986,1986,12,26.6,185.2,7536.8,1143.3,2072.7,5027,2101.9,2331.9,11344.5,17511.6,3741.2,2643.6,6795.6,8317.1,49854.5,6169.3,5619.6,43818.5,26711.5,17033.8,21735.3,241721.5
1/15/1987,1987,1,26.6,168.6,8767.8,1972.3,6639.5,4400.5,2008.8,455.9,4769.7,21388.5,1329.2,590.2,4609.1,1727.7,8706.6,177.3,454.3,2543.8,5917.9,366.4,4864.7,81885.3
2/15/1987,1987,2,426.8,956.2,3978.3,133.3,4642.6,4513.9,513.1,303.6,6064.6,16934.8,3973.5,4641.7,4166.8,3599.6,16280.9,954.5,823.5,13269.1,24821.7,16369.6,21037.7,148405.7
3/15/1987,1987,3,413.1,794.1,7794.5,401.6,7222,10765.8,372.9,448.7,24341.7,27722,4471.9,3222.2,10916.9,5236.2,28327.4,2463.4,10244,37259.3,16230.1,33255.2,34198.2,266101.2
4/15/1987,1987,4,3149.6,23740.1,8110.7,5963.2,15955.4,37506.6,6932.4,50116,15034.1,58721.9,32604.1,33647.3,135867.4,44823.5,170703.8,57327.5,118234.5,224525.7,32219,57553.8,75553.8,1208290.2
5/15/1987,1987,5,3995.6,57203.5,55745.8,40001.2,121273.5,54895.9,63588.4,116834.9,35620.3,64501.1,55359.7,49542.1,235053.2,188218,382497.1,28385.7,136808.8,349240.3,77242,109289.7,180590.9,2405887.8
6/15/1987,1987,6,4633.5,68978,40279.4,25556.9,81138,66554.7,34986.2,139690.6,69362.3,76480,68211.1,80497,184396.3,182259.8,259730.6,31906.4,75495.6,331738.4,55744.6,110234.6,155585.6,2143459.7
7/15/1987,1987,7,5145.6,80313.5,46278.2,30009.9,93751.8,78851.7,40902.4,169774.2,74934.1,92291.1,81407.4,92801.6,201257.1,209162.6,294490.6,38739.8,132290.9,361964.6,60867.7,116333.5,169827.8,2471396.2
8/15/1987,1987,8,4984.1,75731.3,41380.6,27483.9,89020.1,76824.7,38193.5,156182.2,72673.1,78748.4,79632.5,84616.2,199153.5,186741.1,303743.5,126704.3,186843.3,368895.2,57498.1,117491.1,162818,2535358.7
9/15/1987,1987,9,4209.4,59842.5,53132.5,29400.7,84719.9,56251.2,35575.6,103603.3,52177.9,229916.4,63822.8,66238.7,195971.7,126746.6,275032.6,92957.6,140708.8,252099.8,50340.8,91300.4,117157.2,2181206.4
10/15/1987,1987,10,2835.9,18711.9,2080,1869.9,31276.3,22484.4,6361.2,74642.2,63683.1,73593.1,34159,17885.8,35412.6,5602.7,23876.8,20556.5,30860.9,33611.6,15230.8,25730.1,38842.3,579307.2
11/15/1987,1987,11,312,769.9,16047.8,6567.2,10908.5,7389.4,8411.3,2254.5,5708.4,25458.5,9804.4,2068.2,18308,8322,36085.3,8733.6,6207.3,27741.9,5703.3,3981.1,6128.3,216910.7
12/15/1987,1987,12,9.6,124,7489.2,1454.1,2944.7,4332.1,2227.2,219.5,2749.4,15845.2,1912.9,275.7,3589.3,3781.9,20647.6,730.6,672.1,8510.4,11182.4,6147.9,13315.6,108161.3
1/15/1988,1988,1,9.6,131.5,11776.5,3058.7,11969.8,4549,2293.1,447.3,2773.5,22544.8,2419.2,437.6,4664.6,1744.5,9437.5,226.7,188.2,2391.1,7372.9,2516.7,9476.3,100429.1
2/15/1988,1988,2,5171.8,5988.6,1629.9,137.1,9489.1,7230,2555.7,8180.5,8238.5,16406.5,16113.3,14381.6,19852.1,4169.4,51575.5,14124.9,10672.7,68228.2,33451.9,36080.5,27419.1,361096.7
3/15/1988,1988,3,3306.4,14559.6,3694.4,2190.1,16107,19490.5,5831.9,25750.6,30407.2,45272.4,25896.9,22609.6,67433.5,9565.9,65633.5,8198.8,65255.5,63710,13147,40070.3,39785.1,587916.3
4/15/1988,1988,4,3437.3,18854.4,4419.9,3763,6487.3,22813.8,4111.9,23248.8,8154.7,53280,13694,14342.2,66995.2,34156.4,83685.7,7756.6,39952.1,99305.8,16100.2,29592.9,42481.2,596633.6
5/15/1988,1988,5,4985.9,39512.2,52370.7,49239.1,136474,52575.7,82527.8,99605.2,45184.4,88019.8,46984,88997.4,222278.8,190196.5,428080.3,47839.5,171122.9,378815.7,77152.4,119678.6,170938.2,2592579
6/15/1988,1988,6,6816.8,59190.7,40621.2,31354.9,91852,63178,48756,128734.1,77362,108243.3,64401,103462.8,188346.8,191665.4,312101,22102.6,120514.3,377153.9,49229.8,115157.5,143337.4,2343581.4
7/15/1988,1988,7,9277.3,76627.6,47291.1,38029.6,112879,79519.3,54998.1,163186.3,96545.5,121923,75167.3,109658.8,209529.7,207061.5,331274.9,25049.9,144677.7,367581.5,54358.5,119097,160617.8,2604351.4
8/15/1988,1988,8,9200.2,71669.1,41979.9,35903.8,105877.2,78075.3,50189.7,150120.7,78008.3,94404.2,75999,109254.4,243410.8,193142.6,322947.1,112677.6,184945.2,375694.2,50303.7,121999.6,161315.4,2667117.8
9/15/1988,1988,9,7497.4,56905.7,67099.7,40589.5,125195.7,68476,40784.4,103732.3,34228.2,240213,42690.3,92031.5,210547,137548.7,282867.1,88809.4,140496.7,263793,51430.6,95021.8,115939.2,2305897.1
10/15/1988,1988,10,6413.5,30403.3,11639.4,3054.4,43142.6,46137.1,11243.5,83051.2,57788.2,79205.2,58172.3,51762.4,78094.8,12692.6,54647.2,50427.5,54605.7,54900.7,23712.1,41131.6,45177,897402.3
11/15/1988,1988,11,891.6,507.3,3895.7,3773.4,7876.3,4294,7907.2,1047.5,7244.2,18503.8,3902.5,993.7,13062.6,10459,30266.2,1347.4,2354.9,43588.4,10207.1,7679.2,29718.1,209520.1
12/15/1988,1988,12,32.2,121,954.1,607.6,2673.5,1033.1,2342.6,182.1,5422.4,13350,1274,439.5,3654.6,5141,16030.1,223.3,376.9,6271.5,8792.3,6079.4,18984.1,93985.2
1/15/1989,1989,1,31.8,193.3,10083.3,2072.7,8782.7,4930.3,2364.9,3020.2,9888.4,23042.8,7976.9,5389.2,6275.6,3392.6,18819.4,3368.4,2649.4,19731.7,18735.6,13811.7,18763.5,183324.2
2/15/1989,1989,2,3669.8,10358.7,5050.3,258.9,8838.5,9653.4,1676.2,4698.3,13129.8,16699.2,12700.3,11661,10734.2,4344.2,37705.3,5862,7933.4,24643,25239.4,20226.2,21990.9,257073.1
3/15/1989,1989,3,801.8,556.6,6236.1,448.4,9880.3,1873.1,431,608.2,19811.4,40363.6,9444.4,9000.6,27707.5,12698.5,69645,3813.3,47609.7,52798.9,18289.4,40931.7,46008.6,418958.1
4/15/1989,1989,4,4425.1,16969.8,9194.6,5076.3,12967.6,19263.9,6371.5,47845.1,24501.8,69526.7,29029.7,34757.1,136820.3,50961.9,161445.1,14305.5,114412.1,207417.5,26771,62553,73895.8,1128511.6
5/15/1989,1989,5,6990.6,46263.1,58632.2,49259.3,140565.5,46605.3,69725.2,105703.9,38679.1,98866.2,44365,54560.2,202593.1,184067.9,393729.9,25697.7,143881.1,334589.9,63262.9,104604.6,166602.1,2379244.7
6/15/1989,1989,6,8748,62238.5,45978.9,30986,94921.7,67745.9,38193.6,127397.1,72605.5,104219.2,50686.8,75892.3,189458,170233.5,250794.7,32483,57865.4,286425.2,66434.5,108698.9,137900.9,2079907.6
7/15/1989,1989,7,10472.8,76380.5,55550,38444.4,112814.6,91897.7,46532,164098.6,111612.1,119782.1,59748.4,82576,208393,191183.3,335576.8,49332.1,139801.3,341102.1,50569.9,114470.5,147051.5,2547389.8
8/15/1989,1989,8,10227.8,71597.2,48202.6,39005.5,103790.5,84438.5,41846.7,147831.8,86319.9,96020.6,53244,80546.4,233378,192519.3,305115.4,119114.8,183351.9,346755.8,46335.4,118859.6,154722.6,2563224.1
9/15/1989,1989,9,4928.7,18992.7,32122.8,16196.2,76212.6,28277,22575.8,53242.4,47058.7,200672.8,29365.5,47718.6,140849.1,107283.5,226010.5,74426,119632.9,212095.3,32444.6,87178.8,100000.8,1677285.2
10/15/1989,1989,10,908.4,6411.7,6124.4,2944,19581.6,41771.6,4039.1,9962.1,38691.4,85837.4,14784.3,12140.6,46214.8,17261,53602.5,36329.3,46791.2,77997.3,70748.5,83442,69725.7,745308.9
11/15/1989,1989,11,4880.4,12080.9,9781.8,5694.9,13089.2,10853,9748.9,9046,15736,21104,17384.6,13464,19438.4,12236.4,34298.2,5768,5551.3,54586.7,8946.6,8918.3,33679.4,326287
12/15/1989,1989,12,162.4,1977.9,7047.2,1220.1,2750.8,13054.1,7108.4,15674.4,15592.6,20365.8,15981.6,8747.4,22930.5,12994.7,56797.9,12214.9,17489,61374.8,20991.8,20298.1,30555.7,365330.1
1/15/1990,1990,1,27.1,88.2,10431.1,2514.4,9933.6,5084.1,2284.1,280.7,4802.3,21871.3,992.3,215.6,4332.2,1647.3,9513.6,89.9,69.5,2413,2617.1,1705.4,8637.6,89550.3
2/15/1990,1990,2,1034.2,3835.6,5293,264,6858.2,6703.7,673.6,938.2,11541.7,14420.3,8074,5509.1,5520.6,5431.9,30267.6,1338.5,2276,21270.5,6588.1,24212.3,21577.1,183627.8
3/15/1990,1990,3,2524.5,8787.5,2403.4,1389.1,17134.4,18195.6,2314.6,14863.6,38160.3,47882.8,20288.4,20168.4,61338.9,7253.5,118867.7,8889.4,77991.6,121944.4,21555.5,55906.8,43581.6,711442
4/15/1990,1990,4,5446.3,32902.8,9630.6,8057.1,21197.4,44413.3,7528.3,53638.6,5487.2,72741.8,26281,30920.9,110011.7,36948.7,118500.4,12752.1,93568.3,155512.6,35915.1,59862.5,59556.9,1000873.5
5/15/1990,1990,5,4288.4,25529.2,37902.7,27073.2,102380,53516.7,55241.4,64011.5,31989.2,72846.8,32582.2,34101.6,154037.8,119923.6,402380.3,70961.6,122543.9,373054.8,172696.2,119754.6,171519.7,2248335.5
6/15/1990,1990,6,8456.1,67613.8,42419.2,34587.3,97337,98585,40141.8,147779.3,102237.1,117684.4,57473.4,75911.4,239979.8,136543.9,313788.3,38176.7,118701.2,358947.7,98550.6,119421.1,144858.3,2459193.4
7/15/1990,1990,7,8495.2,74766.4,47069.7,38888.9,115133.2,115395.1,47034.7,171598.9,113297.2,122556.2,61834.7,80670.2,234039.2,153469.4,344178.4,40043.2,170223.5,389170.8,83302.3,122616.7,149729.7,2683513.7
8/15/1990,1990,8,8071.9,68385.2,40897.8,37635.4,108307.9,105243.1,43214.1,158355.3,82478.3,110138.2,54857.4,79520.4,209660.1,155326.2,339120.4,122649.8,182124.5,377321,104088.4,127011.6,154103.3,2668510.5
9/15/1990,1990,9,7131.2,54610.3,61476.3,37526.4,127603.4,70081.6,39223,105577.6,54424.4,255836.1,42648.5,78944.9,221079.8,114655.3,286598,88905.5,139311.4,245402,94525.9,97147.4,123825.6,2346534.7
10/15/1990,1990,10,3375.9,26836.8,4844.3,2151.1,26378,36247,8944.8,46100.6,51285.5,77188.1,31856.3,39312.2,76549.1,12153.6,99664.3,46893.7,56135.9,66233.8,71705.9,78558.6,60844.4,923259.7
11/15/1990,1990,11,2765.4,5134.2,5496.7,5228.4,13033.8,13915,12945.8,12984.4,11110.1,23986.8,14909,3748.2,21652.9,5622.6,26952.9,5047.6,5554.6,68597.4,6885.8,6315.3,23989.2,295876.1
12/15/1990,1990,12,61.9,531,5291.7,950.1,2498.5,6091.7,2171.2,1577.3,1664.8,22108.7,8562.2,3645.9,13300.7,6278.3,42594.7,6485.7,11594.2,59188.6,10944.8,16295.1,18633.8,240470.9
1/15/1991,1991,1,48,1476.1,6739.2,1101.8,8770.6,12272.3,3558.9,15718.3,6802.2,26998,14384.2,4917.7,12281.9,1423.2,22644.1,5780,5330.1,10042.1,7959.8,5313.9,15587.3,189149.7
2/15/1991,1991,2,380.6,2197.8,77.2,30.4,3996.9,5412.3,473.9,704.8,1416,17611.5,9518.5,7799.6,21857.9,3290,66127.3,8679,16016.7,78044.1,30380.1,38566.7,36006.3,348587.7
3/15/1991,1991,3,195.1,338.4,7037.8,431.1,9043,5778.9,249.2,99,6140.2,29309.8,1561.6,838.6,4762,767.8,13147.4,549.6,3264.1,3583.2,7196.3,1954.4,4673.9,100921.3
4/15/1991,1991,4,3638.3,15318.6,4750.6,4665.7,20428.1,30441.7,5984.3,41070.8,15060.8,76356.8,29927.3,30055.2,118787.6,38101.6,161390.9,16796.2,102268.7,217706.4,61189.4,62997.3,66309.8,1123245.9
5/15/1991,1991,5,6119,44774.7,55540.9,38677.9,146687.9,55960.7,64135.2,103748.1,30615.6,115383.1,44626,50269.8,202387,124257.1,377183.4,20894,150412.3,351733.5,138476.4,114042.3,157036,2392960.8
6/15/1991,1991,6,7024.9,61071.6,36237.5,28854.3,84990.7,67499.7,35100.7,135941.3,109515.8,139321.7,65001.3,66859.1,215271.1,130615.9,294939,25877.5,81925.8,298005.4,102306.1,113646.5,140345.1,2240351
7/15/1991,1991,7,8232.4,76105.3,44470,48076.5,114597.5,92999.9,43037.2,169686.4,124746.6,148272.7,62536.8,72908,221584.6,151604.6,318630.2,31620.6,83477.8,326621.9,98768.4,120475.1,150257.3,2508709.8
8/15/1991,1991,8,8241.4,72068.9,39164.3,47807.3,111221.3,91781.6,39541,154645.6,96650.1,118701.7,56433.2,72995,224922.2,146918.5,311864.7,76226.6,173133.5,359439.3,101440.5,117681.7,146584.5,2567462.9
9/15/1991,1991,9,6872.7,56644.9,66197.1,37116.4,153728.8,61817,32603.5,105416.5,36813.9,271107.2,43203.3,73384.4,184073.1,89195.3,264234.4,85365.9,135840.4,251501.8,101981.9,90523.9,106601.4,2254223.7
10/15/1991,1991,10,3377.9,25631.1,3767.6,1738.7,29607.2,21522.3,4908.9,6873.8,78022.6,65038,11830.4,9357.7,30121.6,12408.1,69592.5,24834.9,28966,42557.4,25690.3,24041.6,44803.2,564691.9
11/15/1991,1991,11,1656.2,6389.1,7544.1,8784.7,16962,16904.5,17929.9,25390.8,18147.5,25007.9,22814.6,14536.5,26162.2,7981.9,36427,11652,12407.4,76868.7,14834.8,13745.1,32491.3,414638.1
12/15/1991,1991,12,27.8,93.8,1093.3,773,3335.4,5416.4,2961.9,401.3,8877.4,13789.2,2689.5,1549.5,3574.7,3052.5,21422.1,1718.6,1527.5,26501.5,8334.1,6781.6,12379.1,126300.4
1/15/1992,1992,1,28.8,111.2,8368.5,1523.2,9102.8,6527.5,2518.2,1211,7230.8,22582.1,4523.8,1405.5,4259,822,9832.1,241.8,539.5,2892.1,6905.1,1020.6,6737.6,98383.2
2/15/1992,1992,2,606.7,331,4292.4,238.8,6052.5,4851.3,468.8,163.1,4714.8,15075.8,845,452.2,3603.9,1215,10534,140.7,266.3,3095.8,7308.7,4012.4,6490.8,74759.9
3/15/1992,1992,3,645.4,890.7,6752,421.6,10058.4,8160,884.3,1888.1,23532.3,29961,10432.7,6729.5,10192.2,3828.6,45703,2933.4,13243.7,41722.1,19933.1,32723.9,22154.7,292790.5
4/15/1992,1992,4,3866,13120.9,3703.3,1814.6,15446.5,24794,4742,40623.1,26317.7,73807.6,27506.6,33480.1,112992.8,34454.7,155830.2,13408.6,118320.8,250917.9,55222.2,64090.9,62378.1,1136838.7
5/15/1992,1992,5,6925.3,47322.1,49453.4,38820.6,132624.2,50823.8,65121.3,105178.6,47134.7,101291.7,43712.4,49670.8,179640.7,113762.7,398997.6,20274.2,153237.9,353041.3,116295.1,104602,153764.4,2331694.7
6/15/1992,1992,6,6739.3,54614.8,36679.9,28613,91843.6,70856.3,38562.5,131647.8,108203.2,130672.5,50157.8,57473.7,174999.1,121299.6,291866,27136,73808.1,336266.9,82843.8,115828.2,137604.6,2167716.7
7/15/1992,1992,7,10583.9,76245.5,58200.9,54580.4,114527.4,90342.5,46234.5,164064.2,134506.9,151566.6,64299,75023.4,219210,152665.1,350189.2,77530.5,167964.4,413105,83056.4,127419.8,147149.9,2778465.4
8/15/1992,1992,8,10059.2,72571.4,63789.7,52919.2,111344,88955.9,42608.7,151757.7,103686.2,129988.9,58232.5,77670.1,245175.4,148687.1,313763.1,109435.3,184205.5,391781,93868.6,124723.3,151281.8,2726504.4
9/15/1992,1992,9,8219,57595.4,98175.6,52276.8,157131,63129.1,44495.6,105878.4,49596.1,276219.7,45051.2,72015.9,199751.9,109160.1,281215.8,81569.3,136894.8,268447.9,106126.7,93656.1,121718.2,2428324.6
10/15/1992,1992,10,994.6,15656.4,7480.9,10167.3,7165.4,14370.4,8278.6,53333.6,48524.8,70193.4,23395,20247.8,28160.2,7340.5,21916.4,15101.4,24969.5,104693.3,18964.6,38815.3,35675.7,575444.6
11/15/1992,1992,11,5694.8,16354.4,22975.8,11646.7,22232.7,18826.6,20484,24227.4,19389.3,27239,23424.4,9479.2,41462.6,9520.7,44595.4,14044.8,16195.6,43746.1,15371.1,13310.9,30177.2,450398.8
12/15/1992,1992,12,27.8,133.4,8505.8,1677.5,4217.3,3493.3,3608.7,302.1,1397.7,14913.7,983.6,218.1,3508.5,1524.6,10845.8,178.3,114.4,6235.1,10437,1004,7757.7,81084.5
1/15/1993,1993,1,27.8,131.9,13526.8,3930,11825.7,3530,3457.4,401.4,922.8,18730,976.8,93.7,4109.5,367.2,8985.8,20.4,56.9,1943.5,4372.3,278.6,2538.4,80226.7
2/15/1993,1993,2,632.3,163.9,5276.2,284.5,5809,3850.2,663.7,252.1,3219.3,15846.3,1356.1,593.7,3563.9,1405.8,10021.5,146.4,521.7,2499.3,3286.9,2358.3,6612.4,68363.5
3/15/1993,1993,3,660.2,2076.9,7350.3,364,10365.2,9524,926.5,543.7,11795.8,28654.4,6377.4,3025.4,5139,2712.2,20231,1451.4,416,2107.8,8515,14261.3,15147,151644.5
4/15/1993,1993,4,2331.8,15705.1,4882.5,2024.5,19050.3,22916.8,7141.2,39332.7,51282.8,54472.7,22947.1,26203.5,45311.2,20008.5,88129.7,12073.8,21454.7,125468.9,25066.2,56815.9,49611.2,712231
5/15/1993,1993,5,4731,24774.2,37390.5,28732.8,97609.8,46349.3,54141.7,67650.7,16370.8,62466,40818.9,46001.1,129652.1,73700.5,250326.9,19560.7,37311.9,197320.7,68766.2,87865.8,117577.8,1509119.3
6/15/1993,1993,6,5940.5,47588.3,37065.9,33219,84512.4,56151.7,34797.7,120153.6,55004.8,104467.8,57556,56193.9,154789.6,100292.5,234206.3,20505.9,44886.8,195312,45529.1,82251.5,90931.3,1661356.6
7/15/1993,1993,7,8116.9,71678,34818.3,51593.4,111874.6,73287.4,42550.2,167758.8,84543.1,133359.6,65243.9,74499.5,205043.2,110833.6,273365.6,26015.7,61936.7,283415.6,46536.8,98928.5,99163.4,2124562.9
8/15/1993,1993,8,7220.4,66054.7,29723.8,51495.2,104900.3,66653.4,40754.5,152478.3,62279.5,100167.7,56690.6,68839.8,183605.5,117826.4,242150.9,35089.3,110396.8,293322.6,44575.7,96955.7,101977.4,2033158.5
9/15/1993,1993,9,6847.8,54461,96575.1,50439.6,115840.6,44963,39119.3,97537.8,35769.8,247742.3,41131.2,62144.2,138602.9,95257.6,222278.5,39226.5,103690.4,222749.3,65041.4,73091.1,98619.4,1951128.7
10/15/1993,1993,10,4995.2,58275.5,29493.3,10031.5,54935.4,37735.1,9146.8,60591,52610.9,79078.9,20276.3,23083.4,42829.3,5883.7,70328.3,41101.9,55036.2,121333.6,20402.3,41801.1,37679.5,876649.1
11/15/1993,1993,11,3281.8,3161.5,20265,11958,13576.2,2814.4,17947.2,1901.7,6471.7,17292.9,6037.5,5174.7,20127.5,1425.8,18952.7,3158.9,3793.8,21556.6,2524.5,6966.8,18764.6,207153.9
12/15/1993,1993,12,0,269.1,6414.2,1888.2,3741.1,1664.2,4941.2,1232.1,7968.1,10305.8,5395,3594.8,4366.9,2213,28714.6,2070.3,3488.4,34663.1,6976.9,11337.1,14060.8,155305.1
1/15/1994,1994,1,0.2,296,15608.2,5141,9648.6,1464.7,5179.2,1370.6,6020.7,14150.1,2554,315.4,4571.2,873.8,8434.7,545.9,1563.3,5384.3,2680.5,3582.6,8699.8,98084.8
2/15/1994,1994,2,1762.9,463.3,4307.7,242.2,6222.4,972.3,329,477.9,7554,7261.9,3894.5,1793.7,3762.8,1503.9,17355.5,1620.8,2622.7,12891.8,10282,17329.9,13396.4,116047.6
3/15/1994,1994,3,3080.9,5570,2272.7,397.7,23475.4,12199.2,4340.9,30097.9,51566.4,43679.5,23949,20195.1,43753.1,3746.8,66394.1,42241.6,64902.4,116841.8,17093.1,52504.7,29562.4,657864.7
4/15/1994,1994,4,4367.1,14371.7,7181,4880,18900.3,24533,8504.4,53345.6,7515.1,69386.4,19476.3,25488.2,85457.4,23701.2,121114.6,6211.9,85862.1,152695.3,33215.2,48889.4,50190.6,865286.8
5/15/1994,1994,5,5185.9,31552.5,91434.2,52401.2,152839.9,33985.5,88300.3,90069.5,49164.9,85769.3,43915.1,40559.5,139045,95590.4,360113.9,13688.6,128430,381025.8,122921.7,104802,146583.1,2257378.2
6/15/1994,1994,6,7086.5,72010.5,52889.4,36921.3,101224,55873.7,52843.9,155875,144072.5,127748.3,59526.6,61789.9,199801,104885.8,280605.2,25940.3,75012.3,348152.9,86173.4,108154.9,127281.7,2283869
7/15/1994,1994,7,7935.3,82059.7,88591.2,62103.1,116867.2,69826.1,62360.5,185399.2,144142.8,142786.5,72655.4,77292.9,213426.9,112022.1,320145.2,32828.9,125746.4,356665.3,83001.1,112046.4,133328.4,2601230.5
8/15/1994,1994,8,8414.9,77315.6,86015.9,70877.1,128074.4,65724.9,56892.5,169858.6,127470,121072.9,63809.9,72015.4,200389,123947.6,304351.2,110915,162675.8,362534.2,81581.6,115350.4,139049.9,2648336.8
9/15/1994,1994,9,7552.6,61531.1,124285.6,64783.6,180321.9,41230.4,50867,109482,59850.1,280309.8,45897,66925.1,162795,87716.5,233683.8,70243.2,123025.7,224334.7,96529.4,95634.4,104049.1,2291048
10/15/1994,1994,10,2775.8,56302,4445.5,1757.8,46721.5,40340.2,8798.8,37183.1,35496.9,103777.5,25103.7,43438.7,138053.1,14215.8,105322.9,55215.6,71072.4,65688.3,30425.4,34911.3,42790.3,963836.8
11/15/1994,1994,11,144.2,886.4,11900.6,7261.8,13548.5,5970.4,12228.5,1319.9,7506.1,21290.8,4768.3,3306.6,6204.4,3266.3,12687.7,1147.5,828.4,17461.5,8345.3,6022.4,16585.1,162680.7
12/15/1994,1994,12,0,343.2,12683.5,3010,5651.9,5589,4997.7,1190.9,6767.5,10144,7342.4,3671.2,6133.9,6535.2,27351.5,2178.2,4290,15829.6,9123.2,5417.8,10694.8,148945.6
1/15/1995,1995,1,0,288.8,17133.5,5855.8,11301,4133.3,4542,412.8,2919.4,19120,966.8,0.5,4406,587.7,7998.6,17.7,0,1932.1,1382.8,200.5,1604.4,84803.9
2/15/1995,1995,2,510.3,2633.6,5957.3,314.9,8134.4,8890.9,2132.6,4601.8,13752.2,18517.1,11581.2,3793.1,5075.3,4488.1,18658.6,1441,2236.5,17288,7540.6,13237.3,15778.5,166563.4
3/15/1995,1995,3,74.7,366.5,7529,439.3,9194.3,4772.1,508.2,146.7,10120.9,29958.3,1064.3,695,4530.3,2067.9,9931,437.5,212.4,182,1284.1,2255,3741,89510.4
4/15/1995,1995,4,3460,11709.5,2884.2,523.3,14802,18745,3133.7,25192.4,49593.1,48945.2,26174.1,21972.4,30949.2,24148.3,73504.8,8175.4,15691,87780.1,26881.4,53685.6,34138,582088.6
5/15/1995,1995,5,3334.1,35391.1,68759.3,38745.9,122900.2,42403.6,60148.2,69154,16955.2,62706.4,35896.8,43780.1,117201.4,95589.3,219561.8,17175.7,40395.2,160680.2,91096.5,76335.4,89552.6,1507763.1
6/15/1995,1995,6,3008.1,54272.5,41585,30640.4,90487.5,54917.7,41521.5,132933.3,51368,95197,49756.4,64231.1,140708.2,118235,260649.1,22744.7,45713.6,223370.1,36612.7,84948.7,84554,1727454.5
7/15/1995,1995,7,3254.8,84828.2,52987.3,57496.4,122513.7,73745,53029.9,176829.9,61633.1,111478.6,65222.3,79357.9,172419.3,116850.9,269894.3,27251.4,59091.8,260051.9,30543.4,94460.1,86399.3,2059339.5
8/15/1995,1995,8,2888,79394.2,46427.5,56852.1,120169.1,71711.8,49094.4,159281.6,59403.4,91275.4,56960.3,78247,167653,86981,224971.5,38668.4,71913.5,234514,23858.9,91075.3,77596.8,1888937.2
9/15/1995,1995,9,3120.4,65004.4,88990.1,50362.9,115929.7,46812.1,39200.1,99093.6,39140.9,247013.4,40334.6,61531,129415.8,82124.9,198384.4,34308.5,102651.2,163932.2,39849,68875.7,65850,1781924.8
10/15/1995,1995,10,7268,47058.9,15937.4,3170,72094.2,28973.3,13476.6,89038.9,48703,130454.7,19819.5,39699.3,169483.1,3830,88935.6,66817.3,82472.5,86043,55692.2,55610.1,35007,1159584.7
11/15/1995,1995,11,5302.3,12629.3,51263.3,29959.2,45512.3,17871.4,32765.4,21163.9,12131.6,20967.5,18288.2,11275,35669.9,3613.3,21627.4,6305.3,5485,52194.2,2262.7,10465.8,22950.4,439703.4
12/15/1995,1995,12,14.3,292.6,11979.2,2963.3,9857.9,3264.6,5559.3,343.9,1742.5,10261.3,1207.3,292.8,13266.3,5373.9,18498.8,1093.6,1440.7,26784.2,8780.9,5062.9,9804.7,137885
1/15/1996,1996,1,14.3,392.7,21840,7994.2,11623,3868.8,5793.2,603.4,2000,20615.5,1431.2,488.8,16324.9,1842.4,8533.8,45.8,300.7,3921.3,2739.7,4300.2,8872.3,123546.3
2/15/1996,1996,2,312.4,603.5,4684.7,242.7,7310.2,3225,887.6,329.7,2482.9,20398.7,694.4,183.3,14624.2,1828,10065.4,78.9,632.6,5425.2,842.3,4711.6,4050,83613.4
3/15/1996,1996,3,591.6,2575.2,10122.5,534.4,14327.6,5430.4,1595,2301.8,9046.3,33653.5,6056.1,5514,20620.2,8124,29212.7,562.4,6433.4,24921.6,17065.6,43398.3,23831.1,265917.7
4/15/1996,1996,4,1065.8,8829.1,1998.2,465.2,12529.5,13256,3303.4,32674.4,28797.3,58575.6,11173.1,21043.4,58684.3,23625,80684.3,6985.6,26107,135324.6,21155.9,51331.8,36196.2,633805.6
5/15/1996,1996,5,3411.8,24426.3,39258.3,23250.2,91879,30478.6,45490.7,48673.6,22377.9,60089.2,18022.6,32820.3,127300.6,110670.4,276507.3,15079.2,46947.6,225411.1,72949.9,84859.9,98327.8,1498232.3
6/15/1996,1996,6,6735.5,67490,45446.5,33798.6,113891.6,63021.2,43015.8,130531.3,54553.7,94652.2,32481.4,57696.3,161139,88762.2,263030.3,19602.7,46509.2,259927.1,46656.4,86885.7,88440.8,1804267.4
7/15/1996,1996,7,8101.2,86971.4,54295.3,49959.3,137637,80220.1,51880.3,162254.2,59391.4,104484.8,40853.3,77253.2,195410,99074.7,270846.2,28054.8,53790.6,290553.3,48543.7,94529.3,100490.4,2094594.3
8/15/1996,1996,8,7778.1,81542.7,64116,61010.9,131049.8,76893.4,47803.4,146277.3,58126.5,84718.4,34910.9,81806.6,180903.9,81734.3,264052.8,43242,84670.9,289250.1,47567.5,92485.1,113379,2073319.7
9/15/1996,1996,9,5913.3,61513,120617.6,62474.3,144110.5,48394.5,36850.3,99461.9,28845.3,269134.4,26428.6,84578.7,212144,83411.4,250562.7,24815.2,110728.2,230228.9,70306.2,74798.6,88616.7,2133934.2
10/15/1996,1996,10,2469.5,10362.8,8822.5,712.4,9966.1,34604.7,4122.5,85453.7,72215,68824.2,33327.3,24908,60009.6,1912.3,46989.9,1247.2,7335.6,30323,56454.5,63569.9,46960,670590.8
11/15/1996,1996,11,368.2,1544.1,20692,16002,31570.9,6709,20749.3,2024.3,5286.4,17190.7,4033.3,1438.1,15162.9,2410.3,16249.9,308.7,924.6,5130.2,1358.8,2274.5,19248.3,190676.8
12/15/1996,1996,12,14.3,369.3,19378.4,4908.2,12018,1370.6,6376,630.2,2747,8327.8,1227.9,423.7,13455.1,2505.8,10270,35.7,120.6,1690.1,1880.9,79.6,4684.7,92513.7
1/15/1997,1997,1,14.3,404,23466.4,9007.4,21090.9,1789.2,6222.2,752.6,2742.9,19850.7,1346.1,143.3,15737.4,1634.3,11017.4,45.5,90.7,1959.5,2028,231.4,3397.8,122971.9
2/15/1997,1997,2,1598,5422.1,5312.5,261.1,9770.8,6221.7,2362.1,4565.1,13007.7,10636.7,11785.9,4866.3,17032,6588.3,29264.6,2185,3178.1,26749.8,8215.3,13169.8,17931.8,200124.7
3/15/1997,1997,3,1175.1,5068.2,2256,204,16209.4,6026.5,4731.7,19145.8,35286.3,36140.3,17890.1,18899.6,45771.6,11107.3,50141.9,5022.2,22753.6,58206.1,20433.6,59999,25930.3,462398.5
4/15/1997,1997,4,4456.7,26629.9,9222.5,4588.7,21260.1,20477.1,6848.7,54502.1,8421.2,68613.2,25112.8,30136.5,101296.3,25504.1,97101,9519.8,70294,160014,18700.5,42714.5,38969.3,844383.2
5/15/1997,1997,5,5236.7,48568,73587.1,46063.3,166594.7,34971.4,64430.5,99417.4,26180.2,81052.9,42459.9,49156.5,141883.4,96205.7,325863.6,14996.4,48773.5,313504.6,122337.9,78736.1,120318.7,2000338.3
6/15/1997,1997,6,5298.9,64860,51952.8,33587.8,114426.7,57493.4,41006.9,129466.6,57743.9,104857.6,50213.8,57603.4,162838.4,94901.9,274081.1,16947.3,56038.2,287480.4,47692.2,79769.1,100647.3,1888907.5
7/15/1997,1997,7,7831.8,87723.7,62746.2,46554.3,138018.6,83582.7,49477.4,170535.3,94510.1,121557,61305.7,71573.7,195827.9,109799,324374.4,19476.4,86551.6,336339.6,44571.7,91155.9,108718.1,2312231.2
8/15/1997,1997,8,7341.4,77823.6,54422.9,52973.3,124984.8,78920.5,45054.4,153108,79830.8,107522.2,53756.3,85398.7,191376.6,95405.3,278358.2,47562.1,145638.9,335241.6,58502.9,96850.1,118314.3,2288387.1
9/15/1997,1997,9,7093.8,66469.8,130956.1,66366.4,168427.8,49971.7,39914.2,99594.1,35166.3,242336,48285,67424.5,216401.7,76317.9,258127.1,28123.9,142949.1,212748,89476,76195.8,90250,2212595.3
10/15/1997,1997,10,1186.1,30774.7,25483.3,13955.9,47743.9,49608.9,7547.6,27979.1,25605,73356.1,19171.9,32064.8,90537.2,8813.6,56766.5,36972.3,52622.9,60197.1,18815.1,39582.6,28687.7,747472.3
11/15/1997,1997,11,497.9,566.6,5711.1,7353.1,16677.1,5876.9,16807.9,1810.4,3588.1,15389.7,2149.7,474.8,17461,3548.4,10412,368.2,354.1,8415.5,2370.1,2480.8,15891.2,138204.8
12/15/1997,1997,12,15,325.4,22677,5635.9,10190.4,7698.2,8285.9,967.9,4491.8,13555,2834.4,855.8,14233.9,4799.5,15068.8,384,792.9,4084.8,8208.7,2030.5,12942.5,140078.5
1/15/1998,1998,1,15,234.2,26322,9596.7,16363.1,5051.9,7829.5,756.8,2257.4,14996.7,709.2,147.3,15949.6,2609.2,11034.7,0.2,2.1,2344.3,340.7,1438.8,7320.4,125319.6
2/15/1998,1998,2,458.6,172.6,7194.1,656,7144.8,3864.7,461.7,459.9,2532.9,19124,339.2,197,14598.4,2038.4,15487.3,70.2,365.2,1945.7,219.3,13.9,664.3,78008
3/15/1998,1998,3,481,794.6,3779.4,583.5,12946.6,9160.9,1066,1167.6,13001.7,32850.1,5634.2,2596.1,18827.1,5614.4,20061.3,224.9,3697.6,4127.7,5665.1,2368,3471,148118.8
4/15/1998,1998,4,2700.5,8120.2,3598.7,1346.4,20590.4,23993.4,2633.1,19363.8,28050.8,46913.9,17215.5,14630.3,42706.5,27106.5,75332.9,3479.5,14101.2,61572.4,60239.7,48112.3,61724,583532.1
5/15/1998,1998,5,1795.1,10812.2,26734,26931.9,75208.7,37494.4,45542.7,29007.3,17059.9,31250.2,24811.3,28720.5,95164.5,53563,165119.9,13841.9,61108.3,160814,92539.9,53347.4,81974.2,1132841.4
6/15/1998,1998,6,9498.8,61349.6,86534.2,53583,108349.9,78720,38458,134436.4,38230,82022,54252.6,79703.2,198912.8,124006.6,236158.4,28828.4,78378.5,214904.9,99093.9,62027.6,111115.3,1978564.1
7/15/1998,1998,7,11719.5,78488.1,40312.6,49266.7,124493.3,92933.2,31424.2,163306.4,44570.6,106083.6,62833.9,89556.5,195137.9,105669.7,252495,32502.9,78832.5,298539.1,67369.8,70812.8,87084.9,2083433.1
8/15/1998,1998,8,11287.1,72192.1,34593.8,46990.9,117350.8,93455.8,32204,148052.4,43992.7,85327,53974.6,82438.9,180908.7,91605.4,199625.3,47968.9,78647.9,250663,50501.8,73970.5,88775.7,1884527.3
9/15/1998,1998,9,9853.5,59340.9,111122.8,55543.5,131641.2,53060.5,32658.1,92760,29017.8,264606.9,39118.8,70567.9,194498.1,62695.9,189135.8,40234.4,79774.9,140790.1,57084.6,59186.3,72003.2,1844695.2
10/15/1998,1998,10,5249.4,46325.4,31153,15686,47905,19091.3,9615.6,18877.1,25307.6,53677,11141.7,18337.5,89067,7454.7,60222.1,17429.5,46428.7,148174,22677.3,25870.5,41280.2,760970.8
11/15/1998,1998,11,888.5,544,26774.3,19796.9,15953.3,8624,22658.3,2188.4,6685.6,14420.3,4203.3,5273.2,31147.6,4308.6,23896.6,6410.7,4189.5,30525.5,6066.7,5636.3,18294.7,258486.3
12/15/1998,1998,12,0.5,393.5,22921.4,6662.4,7382.3,9290.7,8195.9,2285.5,6513.7,11753.2,6104,5053.4,18545.5,10643.8,23897.2,5525.2,5609.3,24105.9,12664.4,15224.6,18965.7,221738.3
1/15/1999,1999,1,0.9,333.1,26636.4,10597.3,12079.9,7651.5,7909.6,857,2919.7,12362.8,1488.5,247.1,16181.7,3008.3,9151.3,30,33.5,1968.6,1197.1,0,1256,115910.6
2/15/1999,1999,2,887.7,665.5,4490.8,249.6,7382.1,4900,692,560,4631.1,8457.2,2417.5,2083.1,15337.5,10267.2,24741.2,471.6,2076.6,13856.8,9236.9,17029.9,23892.5,154326.9
3/15/1999,1999,3,1406.9,3013.3,8711.8,879.3,16881.6,10802.5,2052.5,7709.3,19439.7,36278.2,14605.1,11513.2,35129.5,14768.3,62432.9,4470,59884.9,85014.8,23951.7,64759.8,44653.3,528358.6
4/15/1999,1999,4,6703.7,17196,4801,5100.2,17814.6,38098.6,5077.2,38965.5,36176.8,71522,21087.2,27259.7,88132,47257.9,105785.2,6674.8,74344.7,124250.1,37160.7,56825.6,59599.6,889833
5/15/1999,1999,5,9607.2,49901.4,58730.7,40902,120651,65516.2,59985.3,87782.9,18475.1,78931.8,42022.1,50510.9,150406.6,125348.4,348280.2,13975.2,90223.9,384236.7,136483.9,101457,128121.8,2161550.1
6/15/1999,1999,6,10384.9,57949.7,47594.2,33907.6,85543.3,85033.7,40633.2,132730,41665.8,100986.8,52070.6,66223.2,176241.9,118590.1,235663.2,15651.5,62120.4,357167.4,59481.7,98735.7,108707.2,1987082.3
7/15/1999,1999,7,12819.1,79485.4,56341.1,42780.2,109149,90279.5,47607.5,166313,43574.3,118927.4,60386.5,82057.8,212324.6,131493.4,282238.6,18785.4,81838.9,389216.2,63248.9,103830,114892.8,2307589.7
8/15/1999,1999,8,12090.9,73671.4,50164.8,50175.2,105085.3,81869.1,44017.6,151041.3,43221.3,108893.8,53508.9,83408.2,203577.8,119300.3,256125.6,40832.6,156876.3,386916.9,86461.7,111639.4,118849.9,2337728.5
9/15/1999,1999,9,10449.1,61711.9,107387.8,64824.9,148944.8,53463.4,32163.4,95146.3,27429.2,246358.3,38692.6,72197.3,226797.2,79832.5,231429.5,28348.9,136761.7,227091.6,97517.6,85845.5,82488.6,2154882
10/15/1999,1999,10,7296,50930.5,7836.6,4624.5,37486.7,22456,5824.9,72312.1,27692.9,73218.9,19132.5,27006.9,89525.5,6642.8,105897.6,71826.6,93282.8,177327.1,20465.4,50183.9,45466.6,1016436.7
11/15/1999,1999,11,153.7,1217,42034.7,36849.3,49199.2,19500.7,34009.4,2358.2,6871.7,17820.5,7262,2975.9,37289.7,2308.2,29317.6,5482.9,6887.4,35082.8,9852.4,8121.9,25429.4,380024.6
12/15/1999,1999,12,24.2,1101,28083.9,10682.9,15872,18021.1,12650.9,10747,11243.1,24491.5,17596.1,5535.2,24772.9,11428.9,41017.3,10917.8,14677.1,55388,16646.2,21971.4,28595.6,381464
1/15/2000,2000,1,4.9,382.4,29592.6,14169.3,18297.5,7659.6,10016.9,589.9,2139.2,16146.3,947.8,143.2,15999.8,2195.8,11597.1,212.4,126,2246.5,2173.1,2887.1,7863.7,145391.3
2/15/2000,2000,2,139.4,545.8,6535.5,328,7560.4,3997.5,400,65.8,2547.8,14645.7,808,681.1,14370.1,3560.4,13689.1,216.7,717.1,4395.2,6225.7,16722.3,10369.5,108521
3/15/2000,2000,3,160,1962.3,6021.4,388.9,13504.9,6100.6,1088.4,983.5,14326.2,31387.5,12236.5,7088.1,21568.6,10191.8,25504.3,503.5,3121.5,15203.2,6558,28826.5,21324.5,228050.1
4/15/2000,2000,4,2835.9,10272.9,3485.3,2227.2,9677.6,22385.1,3881.9,28429.4,24463.5,62404.8,18484.9,20103.6,53545.4,32723.5,112293.4,2667,69753.1,139964.2,35547,61117,39242.4,755505.2
5/15/2000,2000,5,7467.4,37966.9,60981.7,38343.8,140839.7,55992.9,51185.5,66030,10998,69943,38478.2,45427.5,134756.1,105031.3,300529,6106.5,42822.9,252265.1,117994.4,79369.9,108413.4,1770943
6/15/2000,2000,6,7894.9,66222.2,49163.1,35177.8,108058.7,74623.9,35613.6,137855.1,33941.1,89877.9,52136.6,62341.4,165613.2,93571.7,209277.5,15552.7,35458.7,253440.3,42995.2,88630.1,104585.5,1762031.3
7/15/2000,2000,7,10435.6,80744.2,58531.3,44402.1,132256.7,93628,42586.6,171802.2,46928.7,124879.2,60509.3,79973.3,220136.3,128830,276398.7,35480,76427.1,308341.8,62388.8,104433.9,122449.9,2281563.8
8/15/2000,2000,8,10158.1,77249.4,54637.5,45896.3,126514,94936.7,39640.8,154067.7,48765.2,106520.6,53971.7,82183.3,197835.6,117339.3,274068.9,88113.8,128761.2,317712,85637.8,110107.2,121510.2,2335627.2
9/15/2000,2000,9,6437.4,60636.7,138031.1,71951.5,141492.2,62234.9,39727,95314.2,35689,239175.1,38382.2,66579.1,232504.7,100927.3,251133.6,57511.3,132647.9,234006,103290.6,89743.3,88717.9,2286133
10/15/2000,2000,10,324.3,2583.3,1063.7,451.6,9476.9,12710.5,3774.5,43600.2,34185.3,55725.4,4732.4,3877.2,97864.8,11767.1,82155.2,32010.5,33985.5,30708,21418.9,18599.4,43277.5,544292.2
11/15/2000,2000,11,6833.4,13004,42358.9,28654.1,51085.1,25023.2,32006.5,14726.7,13135.1,29796.3,19227.4,14384.8,31326.7,3989.4,34542.7,9070.3,14141.8,63316.6,7629.2,18800.7,30950.8,504003.7
12/15/2000,2000,12,8,1852,4732.5,5984.5,17373.7,14286,10354,4763.5,8082.7,14512.4,10647.3,2952.5,26293.5,10331,49915.4,8619.7,8720.2,67868.6,18757.4,14246.3,28594.4,328895.6
1/15/2001,2001,1,4.9,448.8,15794.4,10724.4,19574.2,8074.4,9674.4,879.6,2345.7,11097,1662.1,169.7,16616.4,1514.2,11580.6,43.5,98.6,2069.6,4.8,5.8,1860.5,114243.8
2/15/2001,2001,2,142.5,704.3,2184.8,131.6,7400.1,5164.2,627.5,473.6,4820.7,9504,4914.1,2657.1,14664,4369.7,18737,258.3,961.4,7686.5,2466.1,5614.4,6950.1,100432.2
3/15/2001,2001,3,248.1,2122.9,5899.2,434.8,14910.9,6677.6,1165.9,3602.8,14659.9,32842,10671.1,7542,24873.3,6722.4,45176.1,18168.7,40908.4,69153.2,30713.5,64556.7,39293.2,440342.7
4/15/2001,2001,4,4819.2,14495.4,4568.5,3774,12503.5,29445.6,3412.7,27967.4,30612.2,67879.8,20004.7,21895.6,69888.7,37580.2,129742.8,31469.5,74127,158726.1,86314.6,55761.2,68576.1,953564.6
5/15/2001,2001,5,8411.8,52342.4,55346.7,35297.6,159996.4,61114.3,61728.8,98401.3,15807.7,64452.1,45521.1,51862.7,178489.2,119831.4,340040.2,16936.8,138879.3,281512.7,140857.8,98148.8,143002.9,2167982
6/15/2001,2001,6,8763.7,64739.5,45130.2,28934.2,109001.5,71173.6,37473.5,136389.1,57137.5,82788.8,51538.3,64596.9,181396.3,122187.6,237749.7,19291.7,53195.3,298092.8,106034.3,99044.3,122159.4,1996818.2
7/15/2001,2001,7,11913.6,81973.2,53384.6,36797,133955.8,97445.1,43270.6,172935.6,75635.1,107607.7,63522.9,81125,228332.9,150739.1,287597.8,21848.4,128705.9,322285.6,115757.2,116336.2,146633,2477802.4
8/15/2001,2001,8,10871.6,77059.9,47621.9,43725.8,126694.8,88295.4,41837.9,157623,65149.3,97770.9,56312.7,94487.1,215500.2,137849.3,319328.4,102308.6,173744.1,372944,113375.8,117805.8,143674.1,2603980.5
9/15/2001,2001,9,8703.3,58408.6,111312.8,56301,139475.3,55595.7,37173.8,97547,35170.7,237535.7,39665.8,77105.6,228842,103113.1,267565,75868.2,137193,231984.2,110658.4,90575.2,98761,2298555.5
10/15/2001,2001,10,4289.8,19467.6,4127.6,1648.7,20177.1,25624.1,6411.1,30456.5,18757.3,111832.7,16694.1,39683.6,180058.5,19930.3,57457.4,34090.2,45362.3,76009.4,34878.3,41833.5,56905.7,845695.7
11/15/2001,2001,11,158.9,915.9,9303,13874.4,29490.8,12385.9,23834.9,3072,6029.8,13228.7,5829.7,2406,18541.8,4609,20049.5,601.5,412.1,11214.8,8264.7,4155,20682.1,209060.7
12/15/2001,2001,12,4.9,436.9,12145.6,5783.3,16269.1,6804.8,8847.8,903.5,2049.1,8915.4,1739.4,435.2,13044.8,4933.8,14932.8,116.6,177.2,3595.7,10832.4,5207,21488.3,138663.7
1/15/2002,2002,1,4.9,498.5,24589.7,10469.9,17086.8,9552.9,8675,1067.7,3650.2,16717.7,4399.3,877,13928.7,4189.1,13338,172.4,916,7721.6,2144.8,7728.6,14332.6,162061.6
2/15/2002,2002,2,493.6,5273.2,6201.3,708.9,8962.1,10755.8,1556.5,3350.5,8341,11179.2,13146.3,13616.3,17305.7,11778.4,57466.7,6112.5,10371.5,66401,26970.3,50054.9,38619.1,368664.8
3/15/2002,2002,3,1761.7,7266.5,5650.9,556.4,14385.9,9549.5,824.8,2187.4,14006,41525.7,11407.5,14199.5,34179.3,12967.2,64127.2,4832.4,53074,77818.3,14859.5,44892.7,56801.1,486873.5
4/15/2002,2002,4,6947.1,28276.1,8539.6,6308.7,21875.3,36432.4,5813,50872.6,19655.3,68270.5,28923.7,36175.3,132867.7,56236.8,167511.4,10382,110467,185055.2,43370.7,70631.6,70001.5,1164613.6
5/15/2002,2002,5,7677.3,46753.9,51811.6,30770.7,140105.5,52073,48054.9,78527.9,18628.8,71026.9,44893,51955.1,148157.8,129092.5,341994.9,14606.6,79250.8,362842.2,133522.1,96736,144008.4,2092489.9
6/15/2002,2002,6,9612.2,70254.5,46566,30737.4,111363,71218.7,35610.3,140621.1,60687.9,86199.7,57632.5,72585,168919.1,127256.2,222662.5,17565.9,51651.4,343480.9,79484.4,105306.6,118817.3,2028232.6
7/15/2002,2002,7,11337.6,82042.9,53415.7,36617,132680.7,93695.7,41498.1,171663.8,78128.3,102235.4,65170.9,89562.6,212116,148509.5,326931.4,20384.1,123049,388500.6,95711.5,113533.5,135315.4,2522099.8
8/15/2002,2002,8,11553.4,77373.8,50333.3,40283.4,124780,86182.8,38105.1,155622.5,63075.2,98164.9,59028.2,96965.1,216501.9,136378.9,332197.1,54992.9,179928.6,400024.6,90150.1,118399.6,136469.5,2566510.6
9/15/2002,2002,9,9068.1,64826.6,146828.2,66979.6,157887.7,58038.3,30919.2,101901.3,30736.2,278766.5,41753.4,89390.2,234693.6,86234.1,274233.1,72271,139019.8,223195.1,83698.1,92817.6,93894.9,2377152.8
10/15/2002,2002,10,6471.7,42935.9,22777.6,16590.4,39587.5,44202,7696.5,39299.1,18214.3,106539.2,22380,46809.6,168602.1,10583.1,128064.4,44128.3,57479.6,65802.4,25231.1,51063.5,53811.3,1018269.6
11/15/2002,2002,11,492.6,1494.6,52875,38035.1,49130,11008.4,35884.2,3056.8,3357.2,13897.4,4679.8,1670.1,18703.5,3915.3,15539,1233.7,457.4,12709.2,6627.5,4307.2,20546.7,299620.9
12/15/2002,2002,12,15,338.7,12189.3,7304.3,17096.8,4443,11211.2,851,1282,5200.9,1874.6,391.5,13840.1,2636.9,18608.4,140.4,589.8,7503.4,7362.6,4818.5,14672.8,132371.2
1/15/2003,2003,1,15,390.8,16944.2,11534.5,18771.3,6648.7,11544.3,1509.4,3764.8,12137.9,5620.9,1358.1,17259.1,5925,23449.8,924.5,1927.9,34742,4634.6,14652.7,21538.6,215294
2/15/2003,2003,2,530,1267,2821.2,293.7,7981.6,5425.2,1570.3,4065.6,4309,11275.1,14865.3,6725.3,18079.2,6122.2,37451.9,2880.2,4958.8,28094.4,11166.2,27376.1,13402.2,210660.4
3/15/2003,2003,3,453.5,1931.2,6562.3,541.3,15191.4,3074.6,1330.4,4023,16896.8,33521,11227.4,13979.5,49124.7,13158.6,83393.2,26298.1,65217.6,113273.2,36972.8,57693.3,48282.9,602146.8
4/15/2003,2003,4,1084.6,9176.8,4672.6,1285.4,14305.9,19845,1684.6,13125,24231.8,59330.2,12492.6,22667.5,68090.9,41593.3,115570.5,4519.9,37838.5,99808.9,32813,52681.9,44116.1,680934.9
5/15/2003,2003,5,8273.2,33671,74813.5,52703.9,147236.9,50323.9,65381.2,76132.5,17458.5,65013.4,46396.2,52487.6,129851.4,94983.3,353066,13195.7,109783.9,246478.9,119737,88189.5,97757.2,1942934.6
6/15/2003,2003,6,10399.5,64809.5,37803.5,41890.9,110803.9,71912,43307.3,140201.3,38201.7,92664.3,56447.5,69632.6,166426,109754.1,270472.4,17696.1,53173.4,320936.7,80874,91560.2,97943.5,1986910.4
7/15/2003,2003,7,11569.3,77143.7,45277.5,50807.8,131524.8,96590.6,50569.3,171746.7,40688,95357.4,65458.7,85807,204325.8,114020.1,325084.5,20353.9,100638.3,368415.3,54988.4,103486.7,126336,2340190
8/15/2003,2003,8,10462.1,68958.1,61012.9,52667.8,120387.3,77502.2,45127.5,147286.1,34554.3,88939.2,56656.8,90156.1,216218.6,97309.8,325138,34053.3,172648.7,416758.5,64708.2,111264.5,121838.4,2413648.3
9/15/2003,2003,9,9621,61897.5,144596,70750.9,136469.4,55088.4,40553,101486.3,33244,235831.4,44778.3,81770.8,222724.6,62687.9,267237,30532.4,139604.7,220743.9,84834.9,85272.4,82468.7,2212193.9
10/15/2003,2003,10,6026.3,48909.7,14504.2,14694.2,80350.1,46802.5,7394.1,39201.3,12156.6,68694.2,32428.7,44802.1,94808.4,15345.9,95079.4,26352,48542.8,67486.1,22702.8,43920.3,49487,879688.8
11/15/2003,2003,11,156.4,1308.6,30979.7,38595.5,25060.3,19457.3,41173,3578,5755.9,16472.3,9692.3,5312.9,36503.3,4866.8,23182.4,6841.7,3105.9,61910.6,7883.1,6245,24855.2,372936.5
12/15/2003,2003,12,4.9,273.4,5193.8,7180.4,9199.5,6597,11168.3,751.3,2074.8,7640.3,1816.6,384.4,13865.3,3555.8,14299,175.6,268.8,5966.2,7098.7,5709.1,10652.4,113875.6
1/15/2004,2004,1,4.9,375.5,17677.5,13126.3,11440.3,9406,11871.4,898.6,3675.2,12462.5,4622.5,575.7,16562.4,1752.5,12335.3,491.7,1093.3,5220.4,4407.2,9475.4,19354.8,156829.5
2/15/2004,2004,2,141.7,657.3,6246.3,318.4,7201.4,3761.4,821.5,400.5,2847.3,14128.7,968.8,475.8,14659.5,4364.5,13668.4,367.4,489.8,5303.9,7260.2,18720.9,12560,115363.7
3/15/2004,2004,3,1714,4130.1,5450.7,535.6,17762.5,8163.3,2447.2,8787.1,19131.7,35727.9,12326.2,10595.6,42111,11421.9,58476.7,13143.3,40131.2,76357.8,19209.6,59410.9,39042.3,486076.5
4/15/2004,2004,4,6499.7,24632.2,7089.9,5709.8,25329.4,37228.5,7250.4,52601.7,6310.6,64586.4,23227.9,27183.6,99698.3,35092,139381.7,8919.3,110195.7,187893.7,42736.7,61778.6,68602.6,1041948.5
5/15/2004,2004,5,7783,49719.2,75398.1,58129.8,144414.2,61300,73469.9,97760.4,16281.3,65478,41263.2,44538.2,152670.2,99900.9,389018.6,14127.3,132036.8,394804,129080.8,91253.9,149114,2287541.8
6/15/2004,2004,6,9475.8,72383.4,49894.2,33910.2,95397.5,73371.8,35088.3,131655.2,49615.4,74396.1,46679.9,65746.2,155667,107716.1,258749.5,16725.6,53649.3,359128.6,91863.7,103146.8,126868.3,2011128.9
7/15/2004,2004,7,11418,84509.7,58432.8,40865.7,115792.9,92490.8,44742.7,167960.8,68590.1,92266.4,55105.7,81252.9,205150.4,140170,355710.1,19363,124614.8,444885.2,102024.8,118928.3,146208.6,2570483.7
8/15/2004,2004,8,10771,80108.7,66838.2,50061.3,109076.5,86342.7,45558.7,155424.3,61445.5,86398.6,52985.8,89654.1,209563.1,141636.1,347861,74134,176469.1,427824.2,119123.6,119778.4,149308.6,2660363.3
9/15/2004,2004,9,9400.3,66108,147177.1,80197.3,177702.9,54917.1,44610.7,92978.7,33774.4,264098.2,39624.4,79047.5,238988.4,91421.6,281040.7,68970.5,138280.4,227193.4,114976.1,90217.5,91637.2,2432362.3
10/15/2004,2004,10,2329.1,15186.5,501.4,1039.4,37062.6,8929.6,6734.1,6287.4,18072.7,55076.6,27620.5,24700.1,50556.8,7188.3,25212.5,1298.3,3202.5,18302.8,18166.3,8516.1,35976.7,371960.4
11/15/2004,2004,11,2727.6,2647,17454.3,20098.4,26299.3,13838.5,26122.5,4738.2,6730.9,20176.7,10003.4,6250.7,21928.9,9035.2,24083.6,7974.5,7961.1,26802.8,18570.9,20612.7,33891.8,327948.9
12/15/2004,2004,12,0.1,403.2,5229,7040.6,14198,7047.3,11944.2,924.6,2320.7,13140.7,2197.4,470.3,14251.4,2218.5,12695.6,198.3,187,3812.8,3621.6,2634.5,10837.7,115373.4
1/15/2005,2005,1,0.1,446.3,13735,12402.2,21712.5,7721.3,12414.1,950.9,2605.9,12821.3,2069,218.5,16252.3,1220.6,10062,41.4,263.6,1916.2,1058.7,57.7,2474.4,120444
2/15/2005,2005,2,782.1,952.3,5731.3,310.1,7714.5,5906.5,1012.1,891.8,4949.8,13492,3335.1,1403.4,14560.3,3536.5,14673.7,128.2,1199.1,7659.1,1054.6,8199.1,14879.4,112371.1
3/15/2005,2005,3,889.8,2629.6,8310.9,566.1,12828.5,5937.5,1211.1,943.4,11773.9,31809,5183.9,3800.8,20039.8,8357.5,22614.7,390.6,429.1,13257.2,8827.3,11394.3,24471.1,195666.1
4/15/2005,2005,4,4254.4,13760.1,4353.1,3647.5,15802,24775,4599.6,27183.2,32299.2,52624.4,19541.7,19830.2,49517,30089.9,79968.1,6878.9,41016.1,84508,30131.3,57187.7,41087.1,643054.4
5/15/2005,2005,5,3503.6,22743.5,47056.2,31032,130227.1,47327.8,68303.8,72125.5,18161.3,41886.6,41422.4,42905.9,84264.5,81285.9,185541.4,9338.9,29915.8,125996.3,59346.1,60620.3,84191.7,1287196.6
6/15/2005,2005,6,7675.2,62452.7,45606.5,33735.5,97941.3,69857.1,43626,130737.1,38961.8,68687.4,55559.7,62840.3,161273.3,108327.3,258673.7,17282.1,46702.5,308881.2,59661.3,69287.2,91082.2,1838851.2
7/15/2005,2005,7,8891.3,84917.3,56065.3,43557.2,122361.1,100799.6,53708.1,177515.2,46950.2,87161.9,65347.4,77240.9,191329.6,118219.3,315082.9,20036.2,57461,366094.3,49392.1,79745.2,104079.5,2225955.7
8/15/2005,2005,8,8525.4,79821.1,50232.3,39702,119689.8,92225,50070,160042.2,44987.5,75636,58748.2,81113.5,225870.1,104119.7,296244.7,28844.9,94268.4,344315,53383.4,90658.2,110542.9,2209040.4
9/15/2005,2005,9,7711.6,65860.5,121745.4,64400.7,148541.2,58334.7,41702.7,100126.6,33878.3,260111,40696.2,66802.8,219564,72046.6,221148.5,30173.1,92176.1,188645.8,71299.9,76207.6,66609.9,2047783.3
10/15/2005,2005,10,7073.6,25489,5399.1,1779.6,32688.2,27321.6,6433.6,40995.6,12767.2,58933,25101.2,32468.8,92758.6,21025.3,45294,13442.7,28943.9,45284.4,33133.9,25808.8,56048.3,638189.9
11/15/2005,2005,11,241.2,1189.5,34778.9,36006.5,47463.1,18157.7,37122.6,13419.7,11144.6,20555.7,18263.8,8282.3,39789,6055.9,35773.2,5601.9,5292.4,76267.9,7556.8,13698,36398.5,473059.3
12/15/2005,2005,12,4.9,343,4841.9,6264.7,16911.7,5843.6,10063.1,714.3,1880.7,12102.6,1652.4,734.3,13889.6,4970.1,18489.8,199.4,690.3,16485.5,11067.3,10866.8,25442.8,163458.7
1/15/2006,2006,1,4.9,442.4,11762.6,11981,20799.1,8100.5,11401.6,1024.7,2935.5,16591.5,2248.5,250.7,16645.3,724.1,9807.5,43,91.9,1971.7,424.3,353.8,8251.2,125855.8
2/15/2006,2006,2,253.7,910.9,524.4,69.3,7553.6,6686.2,1063.1,2331.2,5662.6,8431.9,10222.2,4492.7,15692,6030.4,15684.6,2332.5,2538.7,22374.8,10127.6,47935.1,39800.4,210718.3
3/15/2006,2006,3,227.1,774.9,9315.4,514.2,11419.6,3639.6,723.4,488.2,9329.4,27825.4,2495.6,2266.6,18604.8,5974.3,15305.7,300.9,373.1,5086.3,6770.9,12913.6,22877.5,157226.4
4/15/2006,2006,4,324.9,2956.5,8565.2,902.6,15810.2,14271.6,1305.7,7543.1,19291.5,58655.4,9488.7,10975.1,36744.6,42160.5,49589.2,1383.7,1459.8,32120,53630,31821.6,39740.5,438740.5
5/15/2006,2006,5,9485.7,35064.8,58398.5,36128.1,134030.8,50081.5,64256.5,65848.8,41935.5,41801.4,40152.8,44711.5,105774.2,73157.5,192124.7,12390.2,37903,177719.3,84129,59427.2,111421.4,1475942.5
6/15/2006,2006,6,10446.3,68216.7,47216.3,34214.5,109519.7,71053.8,41692.2,140076.7,35119.6,74384.6,61613.3,70786.2,158511,96184,231070.1,17699.4,43214,297062.4,66140.1,60931.5,109956,1845108.4
7/15/2006,2006,7,12728.8,83007.9,54205.4,42706.3,128649.9,95854,48621.2,174406.8,38320.5,85050.3,69411.9,85255.6,201411.9,105914.9,285207.2,20617.9,57891.7,387588.3,50138.9,84155.4,119481,2230625.8
8/15/2006,2006,8,12262.7,78092.6,48702.1,38832.4,123682.2,86138.2,45614.6,158586.5,39205.9,80374.3,62687.8,88357.2,197935,114309.1,267105.9,36031.9,90874.9,356615.1,60119.4,113554.8,128208.8,2227291.4
9/15/2006,2006,9,10408.8,63897,99926.6,57856,126150.4,55715.8,37735.5,103921.6,29059.6,259643.3,45264,76000.4,213078.7,75922.1,220587.5,30321.8,89553.8,170312.6,68831.8,79226.7,90008.6,2003422.5
10/15/2006,2006,10,4128.2,61412.2,26092,18084.2,76529.2,55963.7,8918.9,105737.8,51561.9,84179,27846.6,37620.4,151651.4,35034.4,112779.2,42199.6,61774.4,160639.1,14861.1,34413.2,58250.7,1229677.4
11/15/2006,2006,11,367.9,2340.5,44315.1,38260.8,18766.6,15763.1,46562.1,8828.8,4808.3,17149.5,13404.1,5993.7,26890.5,2826.5,21178.9,6581,8859.7,39425.9,4424.2,13842.4,33866.4,374456
12/15/2006,2006,12,0,226.9,805.7,5490.5,5441.2,5263.5,11121.3,620.1,2333.9,10491.6,3040,1079.8,13803.3,3932.1,19820.4,3068.4,2287.3,10084,14658.2,10120.9,21329.2,145018.3
1/15/2007,2007,1,34.6,442.3,2631.1,10307.9,7714.9,15819,12875.6,3616,6107.2,12237.8,9488.6,3702.4,17653.9,1489.9,12439,3950.2,4565.6,18493.5,424.7,8977,12870.3,165841.8
2/15/2007,2007,2,285.7,279.2,3753.6,203.1,8689.9,1804.2,14.2,137.1,2808,19050.1,2664,1750.3,16613.7,5548.8,34120.3,1210.7,1440.6,25915.7,37445.9,45098,30350.2,239183.2
3/15/2007,2007,3,5692.2,9428.8,11754.3,3413.3,33449.5,16434.5,3088.6,16691.9,33238.7,39804.5,16804,16679.2,68078.2,8531,94538.2,30484.3,74818.5,116924.2,16521.4,54336.5,60461.4,731173.2
4/15/2007,2007,4,3195.2,16620.9,10653.4,8100.1,18340.1,20642.1,3160.9,41546.1,3843.9,57828.9,15494,22529.9,132312.6,34528.3,137289.7,35139.8,86895.8,140062.3,70955.6,80955.9,78839.8,1018935.3
5/15/2007,2007,5,3911.2,49178.8,55485.7,38314,118179.9,37067.8,81549.2,110641.9,29654,70162.6,41365,42136.4,155279,81791.9,367149.1,4813.4,146437.5,461848.4,136411.8,111496.7,143360.8,2286235.3
6/15/2007,2007,6,4805.1,64024.2,41917,28873.7,77589.6,56289.7,40746,145709.1,63960.5,60917.4,47304.8,54266.7,150686.5,104919.2,273010.1,5661.6,146057.4,401367.8,94690.9,117756.5,134357.1,2114911
7/15/2007,2007,7,5024.8,70940.8,49818.5,35598.2,90330.2,83835.1,45896.6,182796.9,85520.2,99117.6,56698.7,73151,179312.2,138370.6,349633.3,11038.2,150964.5,487449.6,113082.5,132702.1,161180.9,2602462.5
8/15/2007,2007,8,6388.8,73364.1,73834.9,49036.2,92291.5,79162.2,50214.5,165167.4,63668.7,94633.1,53245.1,78972.6,194970.3,146307.8,331345.7,90358.4,168922,458568.8,126165,134980,163175.5,2694772.5
9/15/2007,2007,9,5782.1,54199,131577.8,70543.5,159286.5,44786.8,44146.7,101377.7,34743,265439.8,38228.7,74496.9,237091.5,87513.7,241151.8,65893.2,123361.5,180035.5,114327.6,98697.3,104313,2276993.5
10/15/2007,2007,10,1175.3,19059.4,16746.6,3699.4,25804,31486.9,3628.1,46526,73115.1,102537.4,33984.1,35562.6,131238.1,44655.4,103012.6,47146.6,50232,101760.2,29244.7,38048.9,61376.3,1000039.8
11/15/2007,2007,11,4220.8,9669.7,51843.5,41066.8,24290.9,23420.4,28657.1,8125.5,16169.3,25389.1,11005.4,6615.6,34852.6,5827.5,31420.4,6204.3,16167.5,64087.5,17228,13120,34320.2,473702
12/15/2007,2007,12,0,108.2,3825.2,6442.9,6756.5,3908.5,7714.2,516.8,4706.1,12329.8,2467.3,610.1,13769.6,12792.6,24066.2,685.1,815.9,8253,17829.9,11266,25492.7,164356.6
1/15/2008,2008,1,0,159.7,19574.9,13484.7,23421.3,3557.2,7615.2,433.9,3117.1,14201.4,1882.8,291.1,16009.9,475.5,11768.9,137.3,184.2,2745.7,10039.1,1331.8,11493.1,141924.7
2/15/2008,2008,2,142.3,187.6,6970.8,365.5,7352.3,3980.1,31.5,684.1,7083.6,13658.6,3672.3,697.1,14643.4,9311.9,27412.2,647.8,923.9,9827.3,47974.9,36670.5,34491.4,226729
3/15/2008,2008,3,3459.9,10226.2,6190.3,607.4,23766.1,14271.3,1045.3,12236.6,19594.3,38247.2,15030.4,14867.5,51390,25401.2,124827,2283.9,59327.1,70528.1,51644.3,66065.7,64245.8,675255.6
4/15/2008,2008,4,1053.7,24856.7,16071.1,8269.8,29706.5,37969.2,2193.5,68562.1,9432.4,70756.7,18174.1,31366.5,141741.6,70320.5,182356.6,3924.6,105300.3,209600.4,92006.1,74983.9,80991.6,1279637.7
5/15/2008,2008,5,1243.1,47665.5,50091.2,45251.8,132924.7,51577.6,44250.5,106774.9,49112.1,77979.9,49806.6,65551.2,176749.6,94415,360149.4,4600.6,66175,395686.3,122323.4,97472.4,130744.9,2170545.6
6/15/2008,2008,6,1557.9,58573.8,40789.9,25252.1,80094.6,69318.6,19631.5,138281.5,93178.5,126683.5,60556,86390.6,188536.3,132762.2,288688.8,12554.4,66591.1,380018.4,94953.1,109032.5,122609.4,2196054.7
7/15/2008,2008,7,1966.2,70663.9,48522.9,31547.7,96119.4,91792.2,23326.8,177952,123602.7,165119.7,77521.8,105740.6,237254.8,149701.7,359331.9,21064.6,87084.1,460453.8,104502.8,123369.1,149810.9,2706449.7
8/15/2008,2008,8,1719.1,67664.9,64168.4,44917.5,97215.3,84709.3,23970.7,156413.2,103473.2,138075.4,63932.9,107606.6,250952.3,128042.7,360459.2,74114.5,169058.2,483058.3,116528.6,124979.6,151828.2,2812888.2
9/15/2008,2008,9,1493.3,57844.8,145920.9,71878.8,178173.3,59575.4,31369.8,100354.3,63305.1,285792.4,47042.6,93372.3,269325.2,72062.6,270072.2,65074.9,132386.6,209465.7,100561.1,85139.2,90343.3,2430553.6
10/15/2008,2008,10,817.3,23380.9,14108,6676,37004.1,40258.4,5894.6,52770.2,57021.6,105578.4,25186.6,45779.8,129241.7,47780.4,104317.7,47452.9,63935.8,94880.2,41343.4,43320.5,71455.9,1058204.1
11/15/2008,2008,11,240.4,1322.1,74197,51522.2,19451.6,11516.5,27093.1,4069.3,12230.2,17106,8452.7,5127.3,30095.8,4331.5,25976.1,2227.6,3189.3,24310.1,10425.9,4721.6,25652.2,363258.3
12/15/2008,2008,12,0,157.8,17095,10199.4,5953.6,6513.4,8919.4,363.2,4089.3,18309.5,2251.9,943.2,13367.9,9619.9,25905.7,2420.9,1866.6,12114.7,18437.2,10657.2,22813.2,191999
1/15/2009,2009,1,2.3,320.1,22978.9,15611.2,8374.7,8696.9,9356,647.9,4300.9,21144.7,2364.1,440.2,15839,1593.8,14071.1,1070.6,1048.2,6764.6,9483.1,6633.2,24299.6,175041.2
2/15/2009,2009,2,144.5,80.4,4051.3,229.3,7238.5,1614.1,12.1,67.3,3550.9,15238,1579.8,1114.5,15089.3,18605,34042.1,693.9,3008.6,31923.4,40282.4,40371.6,28949.9,247886.8
3/15/2009,2009,3,471.1,1700,7160.9,626.4,14954,7553.8,287.1,2399.9,14300.7,40603.9,10831.2,11694.7,43231.8,37107.4,117704.6,31856.2,73988.7,125704.4,63812.3,63257.7,72570.2,741817.2
4/15/2009,2009,4,1397,20518.9,15259.7,8658.5,22172.4,48309.6,1186.3,41604.5,16651.7,78827.7,15376.7,29294.4,141755.7,95242.3,175553.6,3937.8,100753.7,148455.1,88439.7,78112.7,87021.9,1218529.8
5/15/2009,2009,5,1112.8,45063.4,66861.1,48960.5,99263.4,64355.4,41837.2,73070.6,21169.3,73110.5,39170,54265.3,109261.3,99397.6,346649.4,5147.2,117936.9,343273.8,118019.6,87043.5,106751.4,1961720.1
6/15/2009,2009,6,1451.7,59555.2,43401.6,26920.6,81597.6,82301.3,20746.8,144536.2,77218.6,139597.4,61584.4,82673.6,220769.6,121307.2,273778.2,13882.5,71194.1,365607.5,90325.5,104320.5,124255.8,2207026
7/15/2009,2009,7,1881.6,78440,53323.7,33265.9,100558.6,104155.5,20511.3,174811.8,114907.7,187660.1,77478,98998.3,302555.4,167254.4,335570.8,22443,94144.3,457201.6,119203.4,113649.5,163839.9,2821854.8
8/15/2009,2009,8,1884.9,75867.9,85791.9,49756.1,103966.5,108884.2,31793.7,158478.8,86638.6,162047.7,68327.2,107045.1,290114.1,139085.9,338875.8,42508.4,150885.7,453945.4,107143.3,114517.3,159866.8,2837425.1
9/15/2009,2009,9,1903.2,65273.5,160278.9,75065.2,167610.3,74794.1,29899.6,98212,43318.2,284088.5,43882.9,84377.3,250276.5,77459.4,256288.9,47230.6,133746.7,194743.2,108917,87303.6,91885.8,2376555.2
10/15/2009,2009,10,1508.5,9889.8,6799.5,4713.3,27967.7,11742.1,1612.3,23724.3,33680.7,64246.1,22834.9,17426.9,75319.7,47310.3,88331.8,39406.6,39064.1,79585.4,30209.4,42985.5,57231.8,725590.5
11/15/2009,2009,11,4661.3,13070,62897.2,46047.2,21415.5,30880.7,32602,15612.8,26052.5,26990.5,11376.8,11266.3,34755.6,6568.3,31302.3,9164.7,18151.1,56761.1,15738,10063.9,33742.1,519119.9
12/15/2009,2009,12,18.9,67.8,5084.2,7464.9,6756.6,5347.4,9500.4,585.5,4980.3,18027.5,1437.8,594.1,13268.9,7153.2,21027.8,205.3,394.8,4173.6,12780.4,2190.9,17151.6,138212.1
1/15/2010,2010,1,18.9,99.2,22068.6,14483.8,8965.9,4701.7,9399.2,528.2,4218.7,20010.9,738,338.2,15719.2,473.4,10650.6,90.6,151.8,1970.5,8354.9,16.7,9164.4,132163.5
2/15/2010,2010,2,181.4,185.5,6936.6,365.5,8107.1,4066.7,44.8,217.3,6483,8852.8,1790.4,465.4,14858.3,10401.4,18463.1,157.9,837.3,7097.4,10361.4,2433.4,18234.7,120541.4
3/15/2010,2010,3,1836.3,7504.5,7348.5,418.2,14186.6,8607.5,395.7,2302.2,14375.5,35597.8,7992.8,8038.5,26822.3,29667.7,84092.9,1335.1,14598.3,52087.1,65648.6,67039.7,61358.4,511254.3
4/15/2010,2010,4,1119.2,7042.2,4646,934.8,16337.5,21340.1,534,14707,4932.4,50770.1,8201.7,13628.1,36308.5,50786.5,101359.7,1858.9,14528.5,59886.5,69094.3,42269.5,65627.1,585912.6
5/15/2010,2010,5,3619.5,39114.7,91190,50846.8,111945.4,52302.3,53888.2,74292.1,19353.6,59173.8,39614.3,54777.8,121763.6,98145.6,294110.8,5559.2,58369,200259.5,114302.4,85307.4,132270.3,1760206.6
6/15/2010,2010,6,3140.2,74119.8,46391.3,28819.2,72674.4,74001.8,23658.8,145878.5,53094.3,134096.9,74554.5,91628.8,169346.1,96367.2,303995.8,14805.9,52888.8,350246.1,57428.2,82727.5,127001.3,2076865.4
7/15/2010,2010,7,3653,85843.4,54608.6,33897,99135.6,92509.1,20739.6,177065.3,60459.9,165920.2,88997.7,116226,208330.2,105382.6,379758.5,26103.9,109468.5,408587.1,49891.5,93473.3,133455.4,2513506.6
8/15/2010,2010,8,3887,81783.6,48667.5,31353.8,99569.2,88427.2,25038.1,162066.8,84607.4,148684.3,75223.3,114767.6,166487.6,107623.9,279194.2,71452.6,96026.1,391027.7,64085.5,101082.3,127066.5,2368122
9/15/2010,2010,9,3829.8,66990.4,138687.8,71279.5,147373.3,60433.8,27247.9,110144.7,63373.3,295614,49406.2,85710.6,196518.3,64934.7,242902.1,62509.3,105187.1,190976.3,71816.5,80219.4,80102.5,2215257.5
10/15/2010,2010,10,399.7,10220.9,10797.1,3468.1,19605.2,26458.2,2666.9,8111.4,48885.2,81119.2,5806.3,10117.6,91481.5,37300.7,63823.2,36729.4,28953.1,71118.9,11751.7,18595.4,40008.1,627417.7
11/15/2010,2010,11,1183.8,6366.7,28234.8,30845.4,10624.8,11441.5,24931.5,469.7,8433.1,14748.8,2614.9,1034.5,16560.3,1107.8,16978,687.4,2097.4,19529.7,2380.4,6931.8,22802.5,230005
12/15/2010,2010,12,0,52.5,735.3,6512.2,5192,4058.2,9777.3,23.5,4045.1,8126.3,806.4,406,13741.7,1572.1,9493.1,18.5,2.8,311.1,321.4,294.7,1336.8,66826.9
1/15/2011,2011,1,0,199.6,26732.8,15217.6,6297.1,6316.2,9711,517.2,7481.5,13148.2,2129.8,471.8,16129.2,1076.7,10720.3,136.3,539.8,1971.2,7975.9,714.1,7943.6,135429.9
2/15/2011,2011,2,128,1213.5,1300.1,102,7477.8,1575.2,29.5,133.9,4453.9,8838.7,1134.6,599.9,14800.2,3850.3,22839.9,1200,3014.3,18242.2,8672.4,19113.2,32375.7,151095.1
3/15/2011,2011,3,115.8,301.3,4247.6,258,10329.3,921.1,5.6,178.1,9060.3,32572.2,1487.8,283.3,18540.4,2863,12714.7,280.6,84.5,5753.4,11223.9,16715.9,20535.3,148472.2
4/15/2011,2011,4,2946.5,16999.8,11206.9,2353,16507.5,35911.8,1652.4,32388.2,18374.7,56473.9,12460.8,21429.7,74832.9,41247,126532.5,4168.8,42051.4,101522.7,77688.9,58420.2,54690.8,809860.6
5/15/2011,2011,5,3584.2,30448,63965.3,40688.1,66492.6,35428.4,44688.9,51310.5,29802.8,52253.2,22652.2,36293,170485.3,83292.9,224686.7,5605.3,56925.7,144358.8,80307.3,50571.2,87367.9,1381208.2
6/15/2011,2011,6,3786.3,61860.2,37312,23827,52477.8,52331.2,24054.6,93219.8,35770.5,81738.2,29189,39783,180049.5,86067.8,256906.1,5447.6,24049.7,235056.9,57636.4,56317,91884.6,1528765.3
7/15/2011,2011,7,5013.5,91088.2,58142.5,34952.8,79486.5,92209.8,22257.1,141838.9,88795.3,108488.9,50257,74788.7,282639.2,107175.5,363355.9,7965.3,95416.3,322597.4,60096.2,74002.6,106447.4,2267015.2
8/15/2011,2011,8,4917.3,86923.7,56030.2,33148.9,76423.4,81339.8,20832.9,126546,97562.4,92771.6,40244.1,76382.6,256803.3,97160.9,300498.6,59225.6,97935.2,286919.6,61868.4,93507.4,121080.5,2168122.4
9/15/2011,2011,9,5263.2,75408.9,150396.1,74133.2,139877.9,51528.2,29040.6,80112,72043.5,244169.5,24036,66857.3,260177.1,68274.2,201838.4,54919.3,66369.1,145161.6,71639.4,65408,67546.3,2014199.7
10/15/2011,2011,10,2605.8,17430.4,16819,4146.2,37670,29073.1,2800.5,82049.6,60211.9,73334.4,16165.6,14022.7,87960.6,26038,74948.9,29059.7,42349.2,66155.5,13202.8,22076.4,41025.4,759145.9
11/15/2011,2011,11,936.6,553.7,27411.5,36342,18757,18168.2,37294.8,6366.5,16398.3,19502.6,7891.4,4868.1,27940.7,737.7,17660.1,4602.5,11456.9,38579.2,855.3,5075.6,18374.8,319773.5
12/15/2011,2011,12,0.1,1846.6,865.8,6481.7,6005.9,14553,11854.5,5041.5,16688.6,20649.2,8389.8,4289,25967,4298.5,39337.3,9927,15917.6,41952.7,10196.9,17994,25674.4,287931.2
1/15/2012,2012,1,0,44.4,21256.3,15196.6,8583.7,4547.9,11070.1,121.9,5824.9,16342.2,807.8,355.9,16235.7,1190.4,10605.8,383.5,635.3,5554.4,330.2,2997.4,15933.8,138018.2
2/15/2012,2012,2,1651.3,2763.2,549.1,80.6,10601.7,8413.5,559.1,5811.4,16738.2,18741.9,22357.8,35687.4,39551,6746.1,75048,13025.2,17761.9,72462.8,46373.3,64754.7,39165.9,498844.1
3/15/2012,2012,3,549,319,946.3,98.9,11218.5,770,2.8,236.5,11980.1,36765.5,2947.3,3142.9,37962.9,18605.3,72988.7,13504.8,44252.1,69875.5,30195.3,25434.1,53275.6,435070.7
4/15/2012,2012,4,2567.7,14930.6,16730.1,2285.8,19078.2,33965,251.5,21438.9,13775.9,58557.4,7762.7,18169.8,100264.8,45386.5,136737.7,4082.9,31293.7,94509.4,70965,67645.1,68980.2,829378.6
5/15/2012,2012,5,4909,55947.3,86557.6,54790.3,110439.5,48114.3,59694.4,111057.3,68096.5,76212.5,34920.6,45959.5,212196.4,101643.3,395658.8,43096.7,156780.3,367881,123946.7,110142.7,142860.4,2410905
6/15/2012,2012,6,4999.7,77068.6,49281,27590.6,76061.3,63547.5,29629.1,157782.2,108996,108989.4,43315.1,63346.1,234983.1,120152.7,314520.7,30693.4,125749.3,360629.3,89266.7,116070.4,132955.5,2335627.6
7/15/2012,2012,7,6002.7,92964.9,58678.4,34210,93729.5,88895.3,29152.6,195462.8,148628.5,143794.1,54023.8,77723.6,270953.5,142365,363180.2,42559.8,128224.6,393361.8,95491.3,133294,158050.2,2750746.5
8/15/2012,2012,8,5968.9,87074.1,52723.4,38907.2,91211.4,79546.2,31586.5,175726.7,129022.8,125286.5,45993.5,82896.9,248319.3,131053.8,329908,101315.1,148999.9,404271.8,92242.8,134655,157316.1,2694026
9/15/2012,2012,9,5637.5,76578.6,151517,75966.4,148183.7,49129.3,32825.7,116349.2,75338.2,282847.8,37774.9,75116,268734,80540.9,276290.4,80673.3,137342.1,203227,90096.2,108260,99729.7,2472157.8
10/15/2012,2012,10,4643.8,31950.5,16019.8,5523.2,33624.7,21288.4,4405.7,40889.1,46540.7,83520.9,19646.2,31751,100487.8,32198.1,77707,45735.4,48332.8,93076,18652.6,48531.4,63578.2,868103.4
11/15/2012,2012,11,361.1,149.9,8848.7,20091.3,8986.9,7937.3,24896.4,426.9,7721.1,19966.9,2023.9,4280,30102.6,1928.4,24575,4610,9268.3,44170.9,8345.2,8013.2,32927.9,269632
12/15/2012,2012,12,13.8,35,8227.2,7786.5,5561.7,3581.6,10372.7,33.6,3216.5,14062.6,456.8,485.2,13775.6,1546,22581.5,312.9,732.5,5675.2,7919.3,5487.6,16567.1,128430.8
1/15/2013,2013,1,30.4,207.3,26733.9,15052.1,6678.8,7064.7,10396.5,330.5,6299.4,18396.6,1817.5,579.7,16474.7,961,20116.9,919.4,1886.5,10942.8,6699.7,6178.8,16791.9,174559.1
2/15/2013,2013,2,6147.4,13926,3351.7,256,11515.2,11810.7,1224.5,5901.2,15888.5,19412.4,11555.6,7762.2,20046.4,22678.2,65463.9,9494.7,13770.1,52626.1,61419.3,52093.3,40943.7,447287
3/15/2013,2013,3,1370.6,11218.7,7435.6,1268.2,24981.2,6551.7,761.2,5794.4,28619.4,47486.6,8219.9,15102.5,79210.2,29794.3,101767.7,28945.2,70271.8,112677.1,38118.5,38057.3,68363.1,726015
4/15/2013,2013,4,4597.7,37119.7,17939,10930.7,22556.6,32545.2,2091.7,52075.8,24241.4,75800.5,12233.2,27440.7,153842.2,75634,197978.9,25382.3,88073.5,197592.5,91509.1,102290,91690.2,1343564.8
5/15/2013,2013,5,4274.5,65282.3,66893.3,52738.6,99038,44935.6,65611,109854.6,69073.5,73004.3,32702,52860.6,212271.9,96991.9,345196.2,45333,122764.7,387842,115596.7,110514.1,139784.7,2312563.7
6/15/2013,2013,6,4442.1,74981,47394,27126.2,75305,73278.3,34157,143178.3,95356.5,98803.7,42924.3,69023.3,249081.1,126042.4,299535.6,36536.3,99041.8,391621.3,84730.9,127613.3,142548.1,2342720.7
7/15/2013,2013,7,6415,95893.9,59039.3,34876.4,94297,100823.2,36382,184347.9,127071.2,123488.1,55301,93295.2,300433.7,153953,353910.4,59731.2,132425.5,478184.2,90307.1,143719.2,170476.9,2894371.4
8/15/2013,2013,8,6750.1,93642.8,86681.6,59879.1,98452.3,96482.8,38774.5,168793.7,104947.8,122842.2,51087.3,101405.9,297604.9,100606.5,334460.6,104869.6,161318.1,418914.2,112145.8,141384.2,161601.8,2862645.8
9/15/2013,2013,9,5268.6,67510.1,151240.1,78442.2,161134.9,50355,38186.7,99264.2,46984.6,280311.2,32518.7,87806.6,276126.9,83204.1,247231.6,79165.9,122268.8,217906.7,108736.2,107502.3,105005.1,2446170.5
10/15/2013,2013,10,8698.8,55212,27869.6,10322.9,75971,50488.3,9269.7,81565.6,109376.8,117739.1,62995,47237.6,242596.3,73604.8,163050.5,60482.6,86006.4,129775.9,73932.9,65914.8,69908.8,1622019.3
11/15/2013,2013,11,1025.4,6786.8,89382.1,58583.8,21099.3,22808.5,36234.4,5536.7,19597.1,21442.5,4807.3,3547.2,30159.1,2680.6,14551.4,4941.2,5254.5,56286,12619,3302,21563.9,442208.6
12/15/2013,2013,12,244.1,2889.5,21085.2,10071.7,5294.5,15381.7,11374.9,4995.4,20076.4,23755.5,9363.1,5448.1,20996.2,8053.6,32016.9,9647.9,20013.4,32788,15000.6,19240.4,30748.3,318485.4
1/15/2014,2014,1,275.1,2064.4,23495.4,13990.7,7746.6,13494,10385.9,6783.7,20854.3,25256.1,6347.9,2660,22084.1,1593.4,20748.3,2232.4,6075.1,20505.7,8181.7,2443.3,24590.8,241808.9
2/15/2014,2014,2,520.8,534.3,486.3,74.9,8517.8,1281.7,28,310.8,8226.5,18090.2,7581.2,15000.8,32197.8,38891.7,65549.1,5251,7658.6,67734.9,66253.1,68344.3,53648.5,466182.4
3/15/2014,2014,3,629.8,652.1,2709.5,187.5,12497.1,4600.4,71.8,1262.4,28637,49059.5,6753.3,16836.6,104165,48433.5,111470.7,46103.3,85570.8,123970,49036.5,34363.4,64114.3,791124.3
4/15/2014,2014,4,4699.5,28734.6,34446.9,11860.9,20521.6,43349.5,1177.7,38126.3,33214.5,94521.3,50538.9,48217.4,201594.7,99465.9,187690.8,49976.1,96376.3,182292.9,110197.5,103874.3,85953.7,1526831.4
5/15/2014,2014,5,4953.8,69308.4,151403.1,89765.9,141770.2,102479.7,55766,121934.7,86710.5,100025.9,93579.4,93515.9,316621,136738.4,366767.6,79763.3,162080.8,437344,128081.4,123495.1,130726.5,2992831.5
6/15/2014,2014,6,5665.5,90041.7,81335.4,47099.3,89844.3,124991.4,28881.3,159936.8,125047.5,129438.7,117226.4,103749.6,349210.6,156483.3,338769.4,55368.4,153444.1,415531.5,118360.4,139537.8,124613.1,2954576.6
7/15/2014,2014,7,8061.7,109268.3,113054,63750.3,102321.5,147992.2,28733.9,194915.7,146373.4,158885.4,137109.8,127637.7,415444.3,184008.2,388230.1,72290.7,150960,514622.7,131356.3,153046.2,141586.5,3489648.9
8/15/2014,2014,8,7223.4,100425.8,128380.6,77962.5,104464,138206.7,35210.4,181676.9,129296,138620.1,125540.6,127591.9,384840.8,162391.4,357316.1,116666.3,176885.8,468034.9,128113.7,148497,150187,3387531.9
9/15/2014,2014,9,4788.6,69749.9,151385.2,78095.1,165686.3,82955,36721.9,117809.3,70800.8,301881.6,87120,100250,354854.5,102234,272758,87401.4,134997.5,256602.8,132226.6,116035.7,117318.4,2841672.7
10/15/2014,2014,10,6275.8,42741.5,39961.6,9397.7,45431.5,41326.6,6229.8,71618.2,64615.4,89940.1,38626.6,50615.2,106113.1,51973.2,66848.5,49826.9,54031,94787.5,60994.5,87568.8,66564.4,1145488
11/15/2014,2014,11,509.9,230.1,76393.5,48185.2,22153.5,7091,27225.8,1867.3,16188.2,16294.6,3297.4,2884.1,27124.1,4447.9,19549,1889.1,2986.7,20545,11609.7,2589.4,24924.3,337985.9
12/15/2014,2014,12,36.3,27.4,27168.4,11192.4,9951.7,1262.1,7872.4,19.6,3235.9,8556,268.8,494.7,12937.4,7220.7,10367.1,395.9,397.2,1929.9,7610.7,928.8,6468.2,118341.7
1/15/2015,2015,1,119.1,333.9,29476.5,15675.2,23208.4,6514.3,8292.3,1293.5,9629.7,23436.8,4399.3,2879.8,15961.2,4323.5,15459.9,3094,3389.8,17967.3,10357.6,8530.1,15152.9,219495.1
2/15/2015,2015,2,433.8,1551.1,3736,224.5,8552.7,2100.2,77.4,785.7,7644.2,19334.3,4608.6,4802.3,25601.3,37455.1,61898.4,8705.1,9050.2,46518.4,54879,47145.1,35296.7,380400.3
3/15/2015,2015,3,6476.7,19053.6,18825,1930.6,23869,14245.7,1792.1,14349.8,46882.5,51869.7,26060.1,42470,128709.6,53659.3,125374.5,44733.2,87784.5,135339.6,71876.9,78706.9,65599.2,1059608.4
4/15/2015,2015,4,4178,24924.8,14101.8,10027.3,19702.6,46235.8,1524.8,50790.9,21742.1,87906.6,31436.1,38105.3,117182.7,100467.3,158853.5,46828.5,83226.7,165473.8,110807.4,110520.1,88711.4,1332747.5
5/15/2015,2015,5,5872.8,76511.8,171843.6,97089.8,191146.3,49688.8,48798.7,120988.8,85747.6,89919.2,57705.3,100639.5,266715.2,128804.7,326543.3,71651.6,134552.6,365540.2,132704.1,133421.4,133839.8,2789724.9
6/15/2015,2015,6,6518.2,86879.1,99881.8,50860.4,88019.4,85493.1,25796.2,154417.8,115836.2,125564.4,81755.3,108858.5,295793.1,154545.2,319181.8,71346.2,153723,403660.4,138133.9,163499.6,158855.9,2888619.7
7/15/2015,2015,7,8589.4,106509.2,133519.1,72375.8,112169.2,109347.4,23702.6,191879.4,134935.4,163515.5,92524,142578.5,359156.5,171884.6,336730.4,70049.4,156838.7,465643.1,152232.4,181476.4,179821,3365477.9
8/15/2015,2015,8,8240.6,103228.7,145964.8,89953.6,138238.1,105528.8,29526.9,177811.3,110539.3,149475.1,86723.3,150018.1,339035.1,150262.3,319204.3,104083.7,160056.9,435296.1,153227,174609.7,176874.5,3307898.2
9/15/2015,2015,9,6495.6,85486.6,181909.2,89251,190543.7,68038.7,33059.4,124874.7,72574,306450.2,56571.5,110106.2,308613.3,89802.1,234493.8,79413.5,123302.6,219270.7,142667.4,132306.4,106380.7,2761611.3
