Date,Year,Mon,sub_1,sub_2,sub_3,sub_4,sub_5,sub_6,sub_7,sub_8,sub_9,sub_10,sub_11,sub_12,sub_13,sub_14,sub_15,sub_16,sub_17,sub_18,sub_19,sub_20,sub_21
1/15/1998,1998,1,5.161006212,6.004121971,7.366642356,8.666519483,7.97322464,9.755820513,9.797728539,11.2012825,11.25516987,14.05604672,12.79620934,13.44842339,14.41114819,16.17769547,16.24297687,14.66285419,14.57736015,15.61909199,17.20487976,16.63664436,17.0251358
2/15/1998,1998,2,12.2498889,13.2223093,14.24991393,15.01628081,14.60474992,15.5365274,15.5475173,16.34631109,16.38071203,18.78935623,17.81877391,18.43170452,19.25356102,20.60323792,20.14560727,18.64072132,17.6386404,17.92179775,21.22002487,19.52949715,20.88113136
3/15/1998,1998,3,44.68847656,48.30702362,52.94310665,54.52745438,52.22129917,56.40222645,54.42247963,55.98883247,57.67324162,60.62992096,58.45081075,58.84803772,59.11409473,62.44751892,60.52938679,56.68917274,55.34667778,56.71483294,61.50836639,58.85403442,59.67163849
4/15/1998,1998,4,75.26498032,77.97936401,81.57347107,81.38664246,79.10680199,82.8631897,79.56739044,80.80403137,82.6542244,83.95814323,82.68388367,82.80172348,82.611516,85.05479431,83.52948107,80.07667542,79.30009842,80.90148036,84.06146088,82.50526428,82.37262421
5/15/1998,1998,5,77.43377304,81.11847687,88.42305565,88.56865692,83.43715286,93.81552696,86.59729385,91.22503916,94.22899246,96.79373932,94.4859492,94.97434616,95.19431305,98.94635162,97.66277204,93.11396027,92.91362381,95.54087575,99.20494232,97.62502289,97.52799683
6/15/1998,1998,6,127.7249641,129.873317,132.5743217,129.4491323,126.8196297,130.6341496,124.8038979,126.5977859,129.1665497,130.8248024,129.2036591,129.4781647,128.704051,132.2651794,128.0319672,123.2372093,120.8524513,121.1469294,126.2695831,121.9447479,120.9398132
7/15/1998,1998,7,160.1385651,162.1897614,161.5519257,156.3980509,156.6511078,152.7024536,150.2605972,148.7114868,149.1425362,151.6696663,151.2433929,152.3433914,153.3221321,156.1618866,151.9481681,147.716713,144.1433029,142.2041168,147.4910248,140.8502045,138.3554993
8/15/1998,1998,8,133.2701187,135.8372375,136.8564873,133.1810303,132.5175247,131.0210838,128.4540558,128.0291557,128.3832989,131.3203926,130.5861206,131.8138657,132.843565,135.8554871,131.5053242,127.7007332,124.142971,121.3580297,128.282959,120.0502243,118.4936234
9/15/1998,1998,9,84.17748642,86.76517639,89.5892601,86.5785319,84.55933762,87.31064415,81.67791367,81.91539129,85.98740196,88.44606972,84.55106099,84.83415222,85.00686932,90.96535645,86.73624093,81.36676025,79.65229416,80.13807551,85.74497833,80.48105621,79.71010437
10/15/1998,1998,10,38.87378693,40.82746429,43.33241558,42.67820994,41.03879547,44.07744026,41.49729729,43.30932808,44.46078873,47.80245399,45.73268255,46.57358742,47.76348019,51.07759628,49.58161327,46.52450371,45.37636185,45.67273267,49.65281143,46.2530098,46.1771019
11/15/1998,1998,11,10.91194916,11.9178009,13.4484632,13.73484008,12.76886725,14.90312982,13.86164236,15.31277593,15.75346518,18.29852295,16.99647967,17.63821602,18.08323169,19.52754898,18.71369771,17.48468208,17.10421371,17.51290639,19.28824768,18.09613037,18.35957336
12/15/1998,1998,12,4.129297495,4.736999035,5.830542922,6.207057476,5.439285636,7.16693449,6.432060003,7.610511065,8.014966369,9.728714705,8.690757751,9.100176334,10.03085899,11.43155003,11.4813321,10.36574554,10.27192259,10.84177065,11.70552063,11.17203426,11.10436363
1/15/1999,1999,1,6.540747881,7.787873363,9.987062693,10.68396155,9.392853975,11.9777813,10.68616056,11.68819364,12.65251255,13.91506743,12.57639217,12.7603631,13.36693799,15.35003071,14.80567414,13.03337574,12.58214998,13.21094036,15.8060667,14.2252636,14.89880466
2/15/1999,1999,2,12.74217176,14.36654377,16.87820244,18.17004077,16.77594328,19.80327368,18.87139797,20.85161432,21.39915657,25.38078213,23.29114342,24.24415588,25.76839447,28.6546093,28.2349284,25.69834423,25.20756912,26.02147007,29.5522789,27.46898079,28.34860268
3/15/1999,1999,3,43.92872238,46.85828705,50.46430588,51.81756465,49.9497509,53.22552204,52.35182762,54.6094265,54.55421925,58.32107925,57.35946655,58.34031105,59.5346961,61.01266632,59.82875061,57.8253479,56.39604187,56.17940839,59.10190201,56.79953003,56.67662811
4/15/1999,1999,4,81.80039597,85.74750366,90.51601982,89.49937185,86.75222397,90.85946083,86.19707489,86.66473134,89.81394386,89.89776421,88.08172099,87.66790771,87.00252151,90.72842407,87.3838719,82.86721802,80.91870117,81.47385534,87.0359787,82.63903809,82.44573975
5/15/1999,1999,5,120.7108002,125.1513626,128.5737801,126.2660421,124.8016186,124.9795418,122.2557487,121.9716886,123.0466175,125.00144,124.1178182,124.6193428,124.9245872,128.4123932,125.2885677,120.401104,118.0106697,118.3639361,124.4044098,119.3890381,118.5262756
6/15/1999,1999,6,139.924736,143.0025818,144.9044762,141.457606,140.2898026,139.4092674,136.9280777,136.7134654,136.7604332,137.4616699,138.4148661,138.7569275,137.4414673,137.9811523,133.9526411,131.135231,128.1830063,127.0974757,130.9290863,126.7034607,124.9393173
7/15/1999,1999,7,152.0228119,154.0100372,152.9984894,148.5366058,149.0966415,144.6753273,143.8464355,142.8284912,141.8801384,144.2660484,145.1123505,146.0630569,144.8807564,145.6036102,140.4701952,137.5500259,133.6047821,131.4612185,136.7980652,130.71875,129.0659119
8/15/1999,1999,8,122.665432,125.592453,127.9014797,124.7236125,123.0872574,123.8588791,120.4837646,121.1323853,121.9907646,123.9081707,123.5294876,124.1499786,123.3474169,125.084285,120.2813623,117.2058487,113.8890877,111.906793,117.0829376,111.0666122,109.6949127
9/15/1999,1999,9,84.72186661,87.59992371,90.40840149,88.28193919,86.46551895,88.45818329,84.9872551,85.85097504,87.38027763,89.897089,88.17299652,88.83221054,88.83513737,92.25495605,88.56487928,84.6961937,82.30740738,81.8266805,87.38025513,82.09508514,81.50783539
10/15/1999,1999,10,39.76692581,42.13281708,45.88488483,45.78411865,43.22947598,48.24133205,44.67243576,47.1070207,48.95815754,51.90279293,49.44966253,50.02881622,50.31953049,54.02530594,51.3368236,48.04586983,46.71172142,46.81164169,51.35681915,47.08237839,46.89731445
11/15/1999,1999,11,12.11346531,13.38001423,15.45221305,16.38142681,15.12323785,17.79320002,16.89963627,18.68885803,19.03087425,21.62486315,20.32966868,20.91277027,21.71121049,23.67650185,23.05065291,21.3186779,20.81498337,21.2261041,23.3923893,21.55316353,21.47335091
12/15/1999,1999,12,3.710301042,4.48648634,5.855165482,6.228728612,5.326380134,7.248969793,6.279156923,7.193076849,7.871018767,9.108445644,8.061817964,8.274602413,8.699547648,10.06642609,9.691005026,8.664101601,8.532273769,8.899919033,9.955734253,9.02307415,8.888457108
1/15/2000,2000,1,6.063162804,6.661794186,7.606414557,8.102975845,7.473171353,8.966510296,8.405912399,9.275955677,9.728157997,11.27331924,10.244277,10.55683994,10.75478697,11.99785118,11.82557964,10.72986031,10.85857868,11.71641906,12.8594696,12.50836182,12.88694077
2/15/2000,2000,2,15.20844746,16.56848316,18.42990589,19.38772202,18.48111439,20.36619616,19.8036499,20.90015316,21.30445766,23.73560762,22.48209826,23.0278635,23.56853294,25.15925255,24.41254561,23.00100422,22.60379124,22.94091256,24.95429573,23.74107552,24.1860424
3/15/2000,2000,3,54.08145905,57.42492752,62.06808281,62.5038236,59.77538109,64.42492294,61.47941399,63.38668251,64.80964851,66.59696579,65.3710556,65.65740585,65.9212389,68.222789,66.18641881,63.14526749,61.33157539,61.42604129,65.79215546,62.52683258,62.67689819
4/15/2000,2000,4,80.63924789,84.54363098,89.02700996,89.59494019,87.25303268,90.76268578,88.86187744,91.02324041,91.29700279,95.35283089,94.14095052,95.23713684,95.98566437,98.49674225,96.26751818,92.89719009,91.03321075,91.1440417,95.43473969,91.81217957,91.17509766
5/15/2000,2000,5,113.8551407,117.3822372,121.5387802,120.8916219,118.3589649,122.0346661,118.5412636,120.5028826,121.7662716,125.4322281,123.565417,124.5253181,125.5209351,129.9855255,127.4705811,122.0351486,120.2300262,121.3439306,127.6781891,122.7531128,122.1635727
6/15/2000,2000,6,146.1626434,149.4576324,150.7633705,146.8400625,146.2657318,144.0221558,141.5760345,140.5562108,141.193119,143.773037,143.0770009,143.9365845,143.6518383,146.800351,142.315894,137.6169052,134.4945374,133.9737345,139.5545837,133.8710785,132.0449127
7/15/2000,2000,7,151.7153091,154.3493988,154.5954208,150.6218211,150.5750885,147.0133896,145.8279877,144.4913813,143.7712288,144.7943993,146.0921224,146.7558212,146.1019936,146.5034363,141.9383109,139.2663574,135.2425537,132.6301422,137.4672241,131.2885437,129.1789047
8/15/2000,2000,8,128.5857964,130.5096191,130.169426,125.8261032,125.9855614,122.9854984,120.6270142,119.3618355,120.3507996,123.3990993,121.9415054,122.9053078,123.1056929,127.1012314,122.4269224,117.5413857,114.1850014,113.1316757,120.3977463,113.0408936,112.0677185
9/15/2000,2000,9,77.40624619,79.61833344,82.11516571,80.03027089,78.18624306,80.7866745,77.14727783,78.81032817,80.17753792,84.04335785,81.96474711,83.11042404,83.77300167,87.09491577,84.42355783,81.00788116,79.53421402,79.56852468,83.76550293,79.62712097,78.78222656
10/15/2000,2000,10,36.76006699,38.56764069,40.81393909,40.57394028,39.18074512,41.78424931,40.04541016,42.06411934,42.42531776,46.21839237,44.69442749,45.82475471,46.6087184,48.78735428,47.40836552,45.1341095,44.06290436,44.47424253,47.48794632,45.09180832,45.0204689
11/15/2000,2000,11,11.19636345,12.72853355,15.16261935,15.55473487,14.09151936,17.13275528,15.62751007,17.35682805,18.03601694,20.16560316,18.92658615,19.39518356,19.95613241,21.61967506,20.77271216,19.28936386,18.65585423,18.82286008,20.65438232,19.05058289,18.93628349
12/15/2000,2000,12,4.455852985,5.284535599,6.563588381,7.078174909,6.306536913,7.92049098,7.218787193,8.014755328,8.667026281,10.13734198,8.901840528,9.185239315,9.817892551,11.48153763,10.97276933,9.760037422,9.494454861,9.751833598,10.87434483,9.781799316,9.616409683
1/15/2001,2001,1,6.607156992,7.536367512,9.325808525,10.25564607,9.0790205,11.51486206,10.75434828,12.0365483,12.53843188,14.45475626,13.28140863,13.63915062,14.46330237,16.41355057,15.55537932,13.63327694,12.47707462,12.53909429,15.79495773,13.40118599,14.04085827
2/15/2001,2001,2,15.8157382,17.35793076,20.12241125,20.72523244,18.97063541,22.55792379,20.45640182,21.81549994,23.19567633,23.97399426,22.85378393,22.81594563,22.36719632,23.83285484,22.16754859,20.40439987,19.1371994,19.12232558,22.93990936,20.52986145,21.75009842
3/15/2001,2001,3,58.56066895,62.19279633,66.30507088,66.14981588,64.03361607,67.01346397,64.51651001,65.41669337,66.79006195,68.36338234,67.19041951,67.47896194,67.77607155,70.35455017,68.55977304,65.12550354,63.49884415,64.13791275,69.12076416,65.86895752,66.46729279
4/15/2001,2001,4,78.58827591,82.38836365,86.62674713,85.92004395,83.67343712,86.67135239,83.45181656,84.05329768,85.77064514,86.45987129,85.54158529,85.55577087,85.49359894,88.50567169,86.69943673,82.28925323,80.70418549,82.1613795,88.20931702,84.54372406,85.16543274
5/15/2001,2001,5,134.6407776,138.9668549,141.6712265,138.8164113,137.6463776,136.894249,134.7942963,134.8551254,134.8257904,137.5522919,137.5518443,138.4954147,137.6803493,139.8305664,135.8670741,131.571022,128.5769653,128.4394112,134.8369934,129.3117218,128.3338394
6/15/2001,2001,6,135.2085953,139.0619507,141.2895737,139.2055257,138.3263245,137.2787018,136.479599,137.4118322,136.1375618,140.783844,141.0158793,142.5901718,142.0177002,143.2802551,138.9480591,135.6709518,132.3347244,131.0559947,136.6733795,131.0468445,129.767157
7/15/2001,2001,7,153.855423,156.5198883,155.9324837,150.5788829,151.1046982,146.1430283,144.311264,141.9116058,142.1436844,142.9705315,143.4437714,143.9201202,143.2748699,145.3548309,141.1590053,136.8400574,133.4085922,132.4851036,138.7376801,132.5226746,131.0835175
8/15/2001,2001,8,131.1282883,133.4131165,133.6518288,130.0381826,129.9113464,127.165741,125.8775749,125.1831156,124.6421986,126.6207047,127.1918818,128.0664597,127.4005394,128.6586075,124.7123511,121.6240158,118.5402489,117.0312055,122.5191467,116.5342331,115.2213654
9/15/2001,2001,9,82.6746254,85.60059967,88.34247589,86.48751068,84.78752899,86.60049438,83.8563652,85.27033488,86.11244965,89.64330864,88.19128927,89.12075424,88.41779137,91.21752472,87.09767805,83.58671188,81.07956314,80.5041949,86.52058563,81.00314331,80.80914917
10/15/2001,2001,10,40.75982857,42.78485336,45.37613487,44.51482137,42.87499046,45.77169132,43.03294754,44.70550474,46.05447102,49.58365726,47.25959905,48.14476585,48.80053091,52.38232803,50.23466655,46.91889381,45.67268562,46.14743487,50.77945328,46.91391754,47.01348953
11/15/2001,2001,11,10.95179176,12.36514874,14.68501735,15.40537548,14.03864431,16.94613409,15.64686918,17.19099077,17.99815893,20.28382444,18.74095726,19.17949581,19.33099985,21.22659111,20.05970274,18.5553894,18.20147705,18.68347136,20.41046753,19.1138382,19.17670822
12/15/2001,2001,12,4.813190699,5.28700304,5.770723939,5.919169903,5.674608231,6.137420177,5.895614862,6.076305548,6.533903241,7.691678047,6.688812574,6.905770779,7.287527502,9.088479996,8.927710942,7.443750143,7.40705657,8.200220346,9.885243416,8.987882614,9.440155983
1/15/2002,2002,1,6.552697182,7.638985443,9.112482309,9.524091721,8.67293334,10.39532256,9.623291016,10.53284486,11.127105,13.36607885,11.8999211,12.43735361,13.50430155,15.47739544,15.08829771,13.48514605,13.04706144,13.47756879,15.26530952,13.94100666,14.06161938
2/15/2002,2002,2,21.4969492,23.31669006,26.06381989,26.94854673,25.26769876,28.64886904,27.19690704,29.06890424,29.80666304,32.66224909,31.01075363,31.62002659,32.72247791,35.23591995,34.48851776,32.16541481,31.50902653,32.0738891,34.87760773,32.71259308,32.67452507
3/15/2002,2002,3,48.72220039,51.56895905,55.14735126,55.26251221,53.2910881,56.62790489,54.17799759,55.66292318,56.94810677,60.08701229,58.07796351,58.82456207,60.59415674,64.29115143,63.61420059,59.6244545,58.57072258,59.95179303,64.40576401,61.55504608,61.72835312
4/15/2002,2002,4,82.47440338,85.39062347,88.65534019,87.8217392,85.80017853,88.84662437,85.5927124,87.05612691,88.89392471,92.27583694,89.99141693,90.64311981,90.76694202,94.89083252,92.02216012,87.2422905,85.60035706,86.91593933,92.88936768,88.8973465,89.13505707
5/15/2002,2002,5,121.9352531,125.4303543,128.098856,126.3743896,124.9910946,125.3091488,123.5105057,124.1308416,123.9866219,126.4447536,126.5324122,127.2480774,126.7774992,128.5380875,124.9933613,121.2565193,118.3775826,118.1122462,123.2525711,118.6848907,117.578035
6/15/2002,2002,6,149.4107513,152.6480957,152.9016228,148.4392904,148.7881584,144.0381584,143.2852783,141.3362656,140.381237,141.2173691,142.8424581,143.5180664,142.2553425,142.0491394,137.8468257,135.5907135,132.1986008,130.393205,134.6118286,129.8029175,128.0885269
7/15/2002,2002,7,157.7986984,159.842514,158.9280663,153.9459432,154.3555946,149.9085121,148.8425369,148.0280813,146.6760521,149.0341759,150.3440704,151.4971313,150.5138798,150.6983673,145.4421648,142.9776001,138.6983643,135.7414322,141.0284546,134.4862823,132.5336029
8/15/2002,2002,8,128.0714531,130.7502792,131.4536934,127.6055578,127.2178764,125.0692368,123.1669426,122.7403704,122.5847645,124.9264965,125.024175,125.9108925,124.6319828,125.9223572,120.7140296,117.8599739,114.2374306,112.2361946,117.6885757,111.6584854,110.4163727
9/15/2002,2002,9,83.60682297,86.4572937,89.17853165,86.94968414,85.22649574,87.05957222,83.77705383,84.67603683,85.84933853,87.67023087,86.70763143,87.20390701,86.01760006,88.13809052,83.88347953,80.96292496,78.41063309,77.4471728,82.84692535,77.50128937,77.13497314
10/15/2002,2002,10,40.67250443,43.03348465,46.09803104,45.63662465,43.72164059,47.07776546,44.39087296,46.10932096,47.35004234,49.85048866,48.21056747,48.73605156,48.656147,51.24951172,48.73393032,45.99247169,44.41605949,44.52779579,48.35964966,45.01680756,44.89680176
11/15/2002,2002,11,9.618907928,10.85162697,12.99525356,13.47787062,12.1269207,14.91247272,13.28593731,14.46801488,15.60864902,17.56653404,15.76426379,16.12531137,17.02502084,19.61838875,19.13600486,17.19926548,17.19846916,17.98962434,19.5702343,18.28278732,18.0870739
12/15/2002,2002,12,3.917031407,4.45106411,5.319764256,5.786513011,5.24563241,6.460453987,6.115553379,6.992643754,7.169235706,8.562311649,7.851239363,8.16767931,8.467491746,9.614267159,9.279777936,8.078843594,7.594360828,8.062652906,10.3320961,9.141490936,9.933887291
1/15/2003,2003,1,9.932142258,11.17338181,12.99603963,13.69958083,12.71007085,14.78240585,13.96677732,15.15319999,15.76487327,18.36010027,16.74185626,17.34627819,18.43410301,20.50029755,19.92692021,18.38474941,17.98097134,18.21804333,19.87023392,18.39361572,18.25896378
2/15/2003,2003,2,22.19944572,23.84010353,25.37917662,25.40340106,24.69929457,25.68205214,24.91352367,25.22400697,25.93598223,27.14800119,26.28448804,26.46135235,26.49313831,27.68030739,26.91399738,25.51900959,25.05593872,25.67878405,27.20771561,26.3745594,26.43128433
3/15/2003,2003,3,50.74532127,54.71957092,60.46556282,61.7604777,58.60127449,64.32594872,61.28848457,63.69094467,65.20247841,67.96216011,66.22393036,66.7446022,67.39986229,70.44343872,68.52931431,64.86920738,63.20277405,63.80352147,68.67921906,65.18562317,65.39780273
4/15/2003,2003,4,54.55605507,57.43927155,63.05825806,65.06083425,61.51574135,68.79699135,65.10475922,68.46214803,70.2067318,74.0548954,71.4606959,72.23875809,74.09174538,79.33643951,79.37736075,73.71076584,73.63020706,76.89768346,82.64034271,79.94726563,80.72105255
5/15/2003,2003,5,116.3520966,119.7494827,122.9789715,121.0416845,119.1759968,120.7959023,117.1796951,117.3636131,119.0827789,121.0884914,119.6816915,120.1898956,120.2099733,124.1914246,121.0234604,115.8724976,113.8606682,114.7038002,120.5948593,115.7306061,114.8169647
6/15/2003,2003,6,153.0593872,155.2464996,154.2051811,149.4732259,150.1916962,145.5008087,144.2714081,142.7537715,142.3175926,144.1325874,144.8564453,145.6599808,144.6382504,145.6266144,141.0912606,137.7526398,134.093895,132.8128713,137.8722687,132.7963409,131.1869568
7/15/2003,2003,7,158.8054047,161.2509338,161.0058556,155.6549937,155.8237839,151.7116814,149.3664627,147.6260351,147.7456818,149.4217644,149.6595459,150.4666519,149.4014683,151.6600922,145.8433772,141.6002579,137.2153397,134.9572652,142.926709,134.496933,133.2902588
8/15/2003,2003,8,125.2459908,128.0713486,130.7566872,127.8140462,125.6802216,127.6172066,123.6273651,124.8434474,126.0877628,128.2462578,127.4493306,128.0320969,127.5120525,130.4490387,125.9670236,121.4784698,118.1856689,117.0792809,123.8570724,116.9223938,115.8103912
9/15/2003,2003,9,82.92286682,85.56301575,88.42440605,86.73571014,84.79375076,87.35779762,84.1998024,86.00273387,86.95448685,91.06922913,89.11183929,90.28555298,90.75897694,94.47789154,90.98850359,86.89677811,84.51416397,84.1352094,90.31634827,84.37059021,83.82350311
10/15/2003,2003,10,43.33002853,45.73692703,48.8442831,47.59717941,45.70954132,48.77170467,45.43614578,46.66792425,48.36129379,50.95937729,48.81067912,49.481493,49.68471813,52.9597641,50.50253568,47.50395775,46.25208092,46.4864947,50.99802551,47.04688644,47.11818466
11/15/2003,2003,11,10.28386068,11.21732235,12.95221329,13.5350736,12.34090376,14.90287447,13.76543427,15.22835747,15.7769115,17.31882238,16.37064075,16.62657452,16.75083542,18.16690063,17.36772701,15.98176718,15.48977613,15.92562564,17.87039948,16.58017921,16.88031425
12/15/2003,2003,12,4.54113102,5.193132305,5.998643875,6.418938001,6.069244862,6.757487416,6.624964476,6.947155396,7.243360281,8.029953957,7.439710458,7.529270411,7.452874362,8.275357056,7.893035207,7.111530781,6.966059923,7.388674657,8.312928772,7.800145149,7.992862225
1/15/2004,2004,1,8.603373051,9.498790169,11.12709832,11.60161686,10.50965357,12.91800737,11.75897121,13.25986592,13.87376428,16.18565083,14.79138088,15.30737734,16.26513922,18.24034843,17.77662413,15.94669676,15.29893732,15.88117456,18.04189491,16.5318985,16.71659184
2/15/2004,2004,2,17.00646973,18.1255661,19.97573042,20.30745951,19.07734442,21.64071417,20.12055111,21.33003712,22.29196405,24.22424364,22.7366511,23.1125412,23.83743286,25.88609276,25.36942591,23.47842693,23.09488678,23.99814129,26.20200539,25.20544624,25.71273918
3/15/2004,2004,3,58.81776237,62.24491272,67.08329201,67.33601634,64.43533897,69.45593071,66.22931671,68.73803202,70.04455376,74.46085358,71.87378947,73.02671051,75.28018188,79.78314209,78.21451678,73.71244812,72.00346375,72.71917725,78.27993164,73.87619019,73.78273315
4/15/2004,2004,4,85.96707535,89.27964172,93.36793327,92.80418396,90.31892014,94.09162712,90.71312332,92.60869853,93.92970848,97.4781971,95.58650208,96.40174484,97.41475296,101.5837875,99.12019675,94.04109573,91.86594772,92.81533178,99.03208923,94.24934387,93.920401
5/15/2004,2004,5,119.7493744,123.7393845,128.627924,127.3662542,124.1703663,128.3808117,124.4672813,126.9211706,127.644556,130.4917793,130.0085398,130.7726059,130.7681465,133.0415741,129.1989997,125.0134773,121.6569138,121.0580966,126.8476654,121.4321289,120.2184738
6/15/2004,2004,6,147.3273926,150.1641815,150.9952393,146.6492462,146.1793747,143.6548462,141.2607346,140.3032099,140.3413658,141.9145012,142.3037109,143.1522598,143.8191166,145.3459259,141.6203243,138.263176,134.611351,132.8295492,137.3579315,132.0671234,129.968045
7/15/2004,2004,7,157.6631775,159.3981628,158.342411,153.6104584,153.9905357,149.6421204,148.5221863,147.5226898,146.3325233,148.6611252,149.7082469,150.8663559,151.7564411,152.5206848,149.1983599,146.3003311,142.7402802,140.8120041,143.9051147,139.0478363,135.8887848
8/15/2004,2004,8,126.1360474,129.0240555,130.9443245,127.8880717,126.6165371,126.5045395,123.8469849,124.3897095,124.6274815,128.0849991,127.3076782,128.5630569,129.5834408,131.9528473,128.0851092,124.6550179,121.3033333,119.4856084,123.9226776,118.328476,116.1637344
9/15/2004,2004,9,81.73086166,84.29618073,86.82804108,84.66829427,83.05524063,84.83106041,81.47957611,82.28207016,83.53400612,86.12835693,84.64057922,85.46619034,85.95277882,88.95876007,85.86994934,82.36792374,80.02949905,79.4970932,84.8101181,79.67206573,79.08564148
10/15/2004,2004,10,38.23287201,40.04308167,42.91850948,42.25316747,40.16775417,44.18825722,40.7191906,42.54531479,44.53187943,47.11592388,44.80645498,45.32150841,45.47026777,48.35622559,46.04546138,43.32983017,42.08674622,42.49120331,45.7461586,43.04790497,42.89257202
11/15/2004,2004,11,11.52897644,12.31969776,13.82015228,13.88506699,12.76323175,15.38990378,13.71192169,15.1641353,16.077847,17.79609251,16.41840998,16.81830311,17.69473433,19.63532791,19.70835495,17.94152069,17.96755123,19.19252936,20.60454941,20.1464653,20.39257545
12/15/2004,2004,12,2.633398294,3.340452576,5.037174702,5.382454872,4.181486189,7.031745672,5.156941891,6.247793674,7.739490271,8.720101595,7.071717739,7.08566761,7.542841971,9.7985569,9.39900371,7.655082226,7.642766237,8.489579519,10.18946915,9.076288223,9.28003521
1/15/2005,2005,1,9.388161182,10.6901535,12.41476274,12.96931394,12.05542397,13.71078444,13.04584455,13.6766092,14.20125842,14.74894738,14.24635442,14.26042747,14.44069481,15.32680836,14.96794115,13.81495714,13.26434803,13.72951492,15.46955242,14.63634109,15.16236095
2/15/2005,2005,2,20.34097004,21.35950127,22.85866547,23.4020443,22.36148787,24.78718901,23.6507225,25.33158779,25.88789654,27.92952394,26.91394107,27.26338577,27.0624764,28.36652184,27.44700159,25.98238468,25.65648556,26.27668317,27.87839355,26.92019844,27.0175518
3/15/2005,2005,3,46.37931442,48.73486633,52.68697071,53.39362717,50.89128113,55.86599827,52.4278698,54.1406161,56.41748047,58.47784042,56.04174805,56.29406548,57.24051571,61.10890579,60.03249087,56.20868492,55.67917061,57.29511452,60.72534637,58.89125061,59.14850311
4/15/2005,2005,4,76.82659149,80.43059235,85.22105217,85.12123362,82.32812309,86.80500793,82.93943405,84.13235982,86.49729919,88.09772682,86.11240133,86.2290802,86.80358982,91.25144501,89.25005777,83.78153229,81.96802902,83.6109937,90.61637878,86.20730591,86.95971832
5/15/2005,2005,5,97.75500488,101.7861328,107.2926483,107.3244375,103.8786469,110.017437,105.5751266,109.3052076,111.0159645,118.5955276,114.5696869,116.6020775,119.9677534,126.9907089,124.9826202,117.9354744,116.0594749,117.8719546,125.3397812,119.8258438,119.404039
6/15/2005,2005,6,126.3153152,129.3234894,131.7088165,130.6667989,129.4317169,129.7686234,128.3670044,129.4346186,129.1303406,134.0968628,133.1552836,134.6743164,136.1117096,139.1360352,136.5783844,132.0316811,129.4842072,129.7838618,134.1734558,130.0163422,128.0493591
7/15/2005,2005,7,159.1970367,161.8654785,162.069725,158.3366191,158.3171425,154.2643738,154.1581116,153.5663783,151.2397881,154.0654182,155.8952688,157.369545,157.8944187,158.2356476,155.096344,151.999649,148.2914429,146.5488256,151.4698517,145.7576141,143.4742096
8/15/2005,2005,8,130.8684692,133.2684845,134.3273048,130.8093109,129.9507523,128.4670162,126.3524895,126.0208359,125.7909737,127.7433262,128.0282084,128.8876724,129.0789185,131.096759,127.7825993,123.7978592,120.633873,120.0094452,125.1262222,119.6350632,117.7832275
9/15/2005,2005,9,81.89672852,84.77929077,87.33481026,85.47222137,83.95248032,85.3630619,82.67461395,83.53883998,84.48951721,87.15082932,86.03328451,86.76644516,86.90795231,89.24271088,86.21933964,83.09227753,80.84915161,80.34703954,84.26274261,80.04721069,78.78729858
10/15/2005,2005,10,39.17383194,41.35639114,44.71047211,44.63390223,42.41387463,46.5771122,43.82203484,46.21690623,47.21866417,50.46859646,48.7558136,49.5722065,49.91047525,52.43051071,50.63048281,48.05056953,47.03547478,47.4759051,50.92216034,48.07658386,47.96302643
11/15/2005,2005,11,8.244627476,9.427250481,11.93856645,12.60685253,10.86540651,14.9296329,13.0040617,15.57500823,16.28063512,19.17672682,17.60816956,18.29751492,18.98539805,20.70962982,19.86417498,18.50922394,18.07527828,18.31312911,19.84709435,18.49620247,18.41415901
12/15/2005,2005,12,2.84170258,3.537564898,4.862473965,5.351274649,4.544025302,6.458526492,5.487797737,6.491848469,7.221956611,8.850260973,7.520354112,7.819381237,8.286372006,10.12431583,9.543598175,8.202761889,7.994586945,8.419575055,9.910584068,8.789690018,8.934322166
1/15/2006,2006,1,5.800832272,6.901929474,8.912389159,10.00051912,8.822806358,11.51526022,10.69023323,12.37391551,12.58885789,14.8024385,13.74254735,14.2605834,14.9937346,16.65425453,16.30500766,14.64911604,14.05692101,14.64775912,17.15256386,15.63504887,16.19936485
2/15/2006,2006,2,19.68608856,21.57192192,24.60105515,25.27071253,23.46148634,26.99550056,24.73981571,25.73824819,27.55132723,28.97529888,26.9307874,27.03962231,27.98537207,31.24147949,30.74435098,27.93325901,27.88159466,29.10212135,31.44197998,29.85593605,29.78051682
3/15/2006,2006,3,32.04165077,34.74161987,39.90918827,41.62781016,38.42542553,45.16553211,41.40105438,43.57988993,46.56378269,47.59469223,45.27596792,44.89278793,43.50568104,46.3470726,44.44687653,41.27816772,41.05903625,43.30653381,46.52270279,45.94978714,47.25952377
4/15/2006,2006,4,67.23897171,68.8333374,72.12579727,71.93576304,69.30063629,74.21657562,70.29236603,72.37174861,74.42014694,76.57754517,74.67444356,75.04354858,75.46877766,78.67764435,77.21956526,73.59370804,72.97487259,74.33209483,77.93809357,76.07534027,76.35048523
5/15/2006,2006,5,119.1843529,123.3891266,128.0357857,127.2294998,124.6651402,127.1752605,124.1982765,124.7564163,125.6223259,126.983942,126.6615779,127.073494,127.6145182,131.1203857,128.8237326,123.3210373,120.8428459,121.7237206,128.0302017,122.8789215,121.831958
6/15/2006,2006,6,143.4283981,147.6752594,150.53368,147.844045,146.6293106,145.5463066,143.6037903,143.325442,143.1769981,146.2424736,146.0607147,147.2104874,147.7609539,150.3882721,146.4811336,142.1268082,138.742569,137.5966263,142.6075623,136.5153351,133.8463654
7/15/2006,2006,7,157.5941315,159.9095428,160.5710831,156.0487213,155.278759,153.3056107,150.6264038,150.5326284,150.3498421,153.7856293,153.6244863,154.9994278,155.1879196,157.3294983,152.0763768,148.1466675,143.7454834,141.3416697,146.985733,139.5678253,136.8101654
8/15/2006,2006,8,127.4132729,130.1220596,131.2189827,128.2920481,127.5903378,126.0752106,124.7480545,124.7801666,123.8886032,126.0054703,126.9203568,127.9051094,128.2161093,128.5348129,125.6129281,123.3226089,120.3108253,118.7769419,121.2421432,117.2880554,114.616893
9/15/2006,2006,9,82.72757721,85.2463623,87.78263664,86.08294678,84.40186501,86.09508896,83.56766891,84.81053034,85.16403008,88.31356049,87.34474436,88.39687729,89.22453499,91.77511902,89.09929003,85.79071045,83.37837219,82.69423803,87.54998779,82.41321564,81.30635223
10/15/2006,2006,10,39.558321,41.65135117,44.81385136,44.61691793,42.50432873,46.43422127,43.49012375,45.32853699,46.8534565,49.23784637,47.33934657,47.8070755,48.37828112,51.26989212,49.56716483,46.71253204,45.63734627,46.15397008,49.27867355,46.6220665,46.29116211
11/15/2006,2006,11,10.17857409,11.04784412,12.57095981,12.467261,11.43174911,13.810215,12.09452295,13.57740211,14.633991,17.28182697,15.37441762,15.96297121,16.57075536,19.08784103,18.51765769,16.4564929,16.44339561,17.50241661,19.85378723,18.32517433,18.63832092
12/15/2006,2006,12,3.226777315,3.721440125,4.727877617,4.965571404,4.217285991,5.862854958,4.976034641,5.878328959,6.473061681,7.616978407,6.652302583,6.834043264,7.240326822,8.695998192,8.575439453,7.237324238,7.139060259,8.029225032,9.284721375,8.689559937,8.887315178
1/15/2007,2007,1,6.733783007,8.088044262,10.33333707,10.79507605,9.482331276,12.03889537,10.46704245,11.16836437,12.40187025,12.88268733,11.71540324,11.6551671,12.18966269,13.92654457,13.38002341,12.06474876,11.82032871,11.98766581,13.51357536,12.29365158,12.43223095
2/15/2007,2007,2,16.46899414,17.87270393,20.42015123,21.34460258,19.77643061,23.20406485,21.48073578,23.10024643,24.21897888,26.94386816,24.89800199,25.47037697,26.75088835,29.94318047,29.78853716,26.89824772,26.71216106,28.10915375,31.38897324,29.48205757,29.97869644
3/15/2007,2007,3,56.25131035,59.53043823,64.35494232,65.02864075,62.10628891,67.37424469,64.30767059,66.80472692,68.03277016,70.74965858,69.11566416,69.64192581,70.25059795,73.41359253,71.42846789,67.73774719,66.177845,66.90499942,71.2125946,67.7693634,67.36007843
4/15/2007,2007,4,81.88613892,84.80067444,88.63543892,87.90035756,85.48322487,89.05515862,85.58327103,86.99109141,88.50829887,90.79869843,89.31958262,89.80147171,90.36856842,93.73784637,91.3474568,87.12436295,85.2430687,85.87323125,90.97775421,86.90881348,86.51994476
5/15/2007,2007,5,130.2683258,133.1027466,134.1248093,130.9239299,130.5834351,128.1864166,126.4266586,125.0254682,125.470171,127.0720997,126.9558818,127.5264053,127.7260122,130.2107269,127.654905,123.377903,121.2112045,121.7392133,126.3720062,122.3156433,120.8020538
6/15/2007,2007,6,142.7330704,145.684256,147.0007057,144.1514537,143.5061798,141.4793282,140.4487305,140.1792552,139.0481262,140.7261734,142.1300608,142.9656067,142.6045036,142.917804,139.4078129,136.6912537,133.3932114,131.8246524,136.0432434,131.1899872,129.2091187
7/15/2007,2007,7,151.3228607,153.1801208,153.3057671,149.3911285,148.948719,146.6091995,145.0596161,145.2951406,144.0933609,147.26017,148.1914113,149.6269989,149.9784813,150.5594604,146.2953905,143.5931854,139.4314041,136.5190531,141.9162933,135.2897186,133.3361603
8/15/2007,2007,8,127.855751,130.4578995,131.983593,129.0943298,128.042902,127.4779243,125.3343277,125.7391065,125.7003803,128.5156288,128.3991445,129.3786697,128.8830824,130.7292877,126.3712758,122.7405777,119.2416611,117.7744395,124.197818,117.7283173,116.7294434
9/15/2007,2007,9,79.28295135,81.73155212,84.01535606,82.48413086,80.92099762,82.90393639,80.34526825,82.12274043,82.84850121,87.0512867,85.38976288,86.55583954,87.03792858,89.59278717,86.13385337,83.16862106,80.66318512,79.5746638,84.00586548,79.20581055,78.249263
10/15/2007,2007,10,34.589674,36.55819092,39.83120441,40.57333883,38.43605614,42.90675068,40.61624908,43.33566475,44.25231361,47.80371666,45.87523524,46.70301437,47.28700209,50.41016769,49.02228492,45.85363388,45.05335617,46.04846636,50.35368042,47.1556015,47.38901443
11/15/2007,2007,11,12.36553955,13.38131466,15.46752954,15.61058807,14.06637383,17.28648758,15.25396061,17.01210403,18.0181222,19.70433617,18.31267675,18.60257435,18.85198545,20.99319,20.14515414,18.14348888,17.68832874,18.42164803,21.2424633,19.25590134,19.62064857
12/15/2007,2007,12,3.768313646,4.270694256,5.074839115,5.311176141,4.781100869,6.065936089,5.374248028,6.127843062,6.731612325,7.906190038,6.951343218,7.105786562,6.981728792,8.253134918,7.564834799,6.325164557,5.889670134,6.460352977,8.635721302,7.501299858,8.339334011
1/15/2008,2008,1,4.921599627,5.844115162,7.148232222,7.451702595,6.772286654,8.116397619,7.605906963,8.591626803,8.821072578,10.98372006,9.897761345,10.44208193,11.19252491,12.74662399,12.30202716,10.84076023,10.17331457,10.6926465,12.88169155,11.64873981,12.2849474
2/15/2008,2008,2,22.27916622,24.37416763,26.73500252,27.17291896,26.03708172,27.87839842,26.82447529,27.44521459,28.24182034,30.33201933,28.80850983,29.23407555,30.38650203,33.49201202,33.05289732,29.80737209,28.96530342,30.34911315,34.56227722,32.12579346,32.93295326
3/15/2008,2008,3,49.73006821,53.77485657,59.1975193,60.49740728,57.66882133,62.53002357,60.16277122,62.19421196,63.45481873,66.6802578,64.73142751,65.35572052,66.18917084,69.88226013,68.1279177,64.01150703,62.56849861,63.45338631,69.05650482,64.99064636,65.36772232
4/15/2008,2008,4,85.80230713,89.77211456,94.19335938,93.81991069,91.48749542,94.5048542,91.74458694,92.96897634,94.3731823,97.23251534,95.64802551,96.1504097,96.62059784,100.0458237,97.20492336,92.81057739,90.56597519,90.93515396,96.24445343,91.78889465,91.13823242
5/15/2008,2008,5,119.6953583,123.8734833,128.2514114,125.5679957,122.960516,125.3612976,120.5995865,120.5521062,122.9941807,123.3765965,122.3176956,122.2322884,121.3093777,124.8181213,120.8164204,115.8038635,113.295105,113.7192688,119.9642242,114.7431488,113.9039429
6/15/2008,2008,6,144.2944717,147.1902527,148.2725983,144.8947449,144.3444405,142.0031204,140.735527,140.3737386,139.3932381,141.8070221,142.6675975,143.7797623,143.7823753,144.5251343,140.8077763,138.1458511,134.9545288,133.1230316,137.3467102,132.0688171,129.882048
7/15/2008,2008,7,155.6527176,157.6389191,157.2984962,153.1017151,153.1147041,149.4761162,148.2549896,147.3385264,146.4209671,149.1735725,149.7221171,150.9901581,151.6419315,153.5830322,149.843896,145.8512726,142.1565094,140.576472,146.2573059,139.8322601,137.6604095
8/15/2008,2008,8,129.3570557,132.0111084,133.6046257,130.2694753,129.1722527,128.3370113,126.0839195,126.3524831,125.9468765,129.0328674,129.0400441,130.3509598,131.2694435,133.2967224,129.8102471,126.2987747,122.9330139,121.1576029,126.5392776,120.2914734,118.4801361
9/15/2008,2008,9,81.82942581,84.26864014,86.64743805,85.03431956,83.36997604,85.24316978,82.6353569,84.04529444,84.68687057,88.17667198,86.76968384,87.82125854,88.44321823,91.42026062,88.21426719,84.57797623,81.91476822,81.26650365,87.07663879,81.52748871,80.99822693
10/15/2008,2008,10,34.51693726,36.72929764,40.35760593,40.62744141,38.28139496,43.02740288,39.9892025,42.48787498,43.9955101,47.29580021,45.01523209,45.70978355,45.92196894,49.05190353,46.74629266,43.83040237,42.63993454,43.0724411,47.20295029,43.77928162,43.89413223
11/15/2008,2008,11,8.923803329,10.27143612,12.85890031,13.53798262,11.77375102,15.87707663,13.63304996,15.74427525,17.06516051,19.65735531,17.57349141,18.0752449,18.6884532,21.39013939,20.46900204,18.36275291,18.16445446,18.98734061,21.38360329,19.69341469,19.95496559
12/15/2008,2008,12,4.235637903,4.955230427,6.202159047,6.687580744,5.910773873,7.616395473,6.803843737,7.649658362,8.374347925,9.768739223,8.592265129,8.799628735,9.208579421,10.82654343,10.1912993,8.808644295,8.34668231,8.815009832,10.2818264,9.167455673,9.207420731
1/15/2009,2009,1,7.087800503,7.914101887,10.01872396,10.18987974,8.564722776,12.06460619,9.640686512,10.98722569,12.63778448,14.04376173,12.09181245,12.2625289,13.17461693,16.06982594,15.85103539,13.64388084,13.82462406,14.97525899,16.88710022,15.77958965,16.06836872
2/15/2009,2009,2,16.77009487,17.97026863,20.0963006,20.77334785,19.45034456,22.28529787,20.61292648,21.60691516,22.93598366,24.01516199,22.68764432,22.75603676,22.52598572,24.11586723,22.77162497,21.18298721,20.41991425,20.67007256,23.52720108,21.81491661,22.6760128
3/15/2009,2009,3,48.57856941,51.85701065,56.74751282,57.20535787,54.22199535,59.92969704,56.18001938,58.98072052,60.87623119,64.91024208,62.14529673,62.99708939,64.46242142,69.15542755,67.5190397,62.65798759,61.21982765,62.68418439,68.37072906,64.41458893,64.68227921
4/15/2009,2009,4,88.11446381,90.84144592,93.52089119,91.95623779,90.27615738,92.13111305,89.14188385,90.02886073,91.40834618,93.94304848,92.51536306,93.09539413,94.01121807,97.23253326,95.09562574,90.87881851,88.89403152,89.61089071,93.97834015,90.42153931,89.5511322
5/15/2009,2009,5,117.5016251,120.8049042,123.53022,121.7998784,120.2236938,121.3630791,118.7351913,120.0874341,120.6591663,125.7813702,123.9022878,125.3270073,126.9131641,131.7870667,128.7188644,122.6760406,119.8752518,120.5409711,128.0796906,121.8143311,121.1469757
6/15/2009,2009,6,130.469162,134.2135712,138.3127708,135.3248698,132.6447716,135.1469994,129.8857498,129.9112116,132.5555115,133.2104111,131.9117991,131.9092331,131.6564054,135.501709,131.082877,125.6540451,122.3286552,122.11402,128.2985382,122.4701157,120.9858078
7/15/2009,2009,7,155.4765625,157.2805786,156.2263451,151.7286733,152.1465149,147.6428909,147.1817322,146.5999476,144.7703323,148.2386665,149.2196401,150.7649536,151.5324783,152.4792419,148.8647221,145.8151093,142.1095428,140.0363439,144.9330139,139.0378265,136.8681152
8/15/2009,2009,8,123.9518242,126.4354111,128.3655319,125.3741608,123.8233337,124.4374084,121.3723106,122.1582387,122.6479073,125.2378788,124.7142512,125.5907326,125.4802637,127.7175705,123.5530047,120.1042747,117.130867,115.6403046,120.3265152,114.5388107,112.4870438
9/15/2009,2009,9,81.32822418,84.25302887,87.48943329,86.04712677,83.99662781,86.89990425,83.39229965,84.93237432,86.50089073,89.80459023,87.78211975,88.62228012,88.76222038,92.55294037,89.00759888,84.79682159,82.53527069,82.25942357,88.55530396,82.68143463,82.27126007
10/15/2009,2009,10,35.7866993,38.01573715,41.28899193,41.16732534,39.07098293,43.10524368,40.46936035,42.89402707,43.81489849,47.04486465,45.34278488,46.16205215,46.51697683,48.71240921,46.73268727,44.60780525,43.44190025,43.36089579,46.3834671,43.57299805,43.298246
11/15/2009,2009,11,11.26661777,12.26485958,13.98563552,14.30251058,13.18546748,15.5682044,14.27697897,15.62929598,16.36232424,18.43187189,17.00937653,17.44078064,18.03755665,20.10120163,19.38657652,17.57670784,17.10180473,17.69546,20.05817528,18.31709671,18.50524979
12/15/2009,2009,12,3.348092437,3.993991518,5.330173016,5.534029802,4.600352168,6.69753027,5.602219343,6.886026621,7.428269386,8.898350239,7.923368613,8.207347393,8.684935451,9.973529816,9.59042154,8.40800333,7.90237236,8.326635361,9.742356491,8.87556839,9.128779411
1/15/2010,2010,1,6.908512354,7.831859684,9.456368923,9.754482587,8.778508902,10.90029812,9.565046787,10.45417674,11.43603325,12.86555147,11.49330552,11.75377226,12.46983409,14.47354641,14.09227412,12.31804085,11.94098043,12.62786198,14.65850315,13.42572403,13.79029732
2/15/2010,2010,2,19.42871952,21.10460854,23.40363693,23.93026924,22.6626277,25.1584444,23.81652832,24.98543644,25.9640193,28.05287313,26.55139605,26.89188766,26.91018605,28.93510475,27.46314049,25.41669369,24.4937849,24.95912425,28.31680717,26.42194748,27.44987526
3/15/2010,2010,3,45.01249504,48.17887955,52.44224358,53.74066925,51.40166187,55.72348881,53.75714493,55.81159274,56.80886269,60.31505775,58.30254745,59.04784966,60.54914522,64.74017715,64.30435453,59.69551086,58.96207428,61.03626696,66.44050446,63.48070526,64.28033142
4/15/2010,2010,4,62.96743393,65.80909576,70.32772446,70.71763611,67.86782265,73.1319294,69.66618729,72.13837179,73.32520294,76.67858315,74.8028361,75.69314957,77.62624836,82.0753479,82.01962389,76.71277237,75.90633392,78.56278992,84.49857483,81.41425323,82.13286438
5/15/2010,2010,5,93.10201645,96.82305603,101.5341225,102.4324137,99.7696476,104.0387955,101.8976517,104.8452123,105.1312084,111.4309959,109.1226196,110.7249718,112.5983362,117.8367035,116.0639289,109.8804359,108.1507607,110.1417809,116.8869812,112.0810013,111.6758942
6/15/2010,2010,6,129.7202682,135.274054,141.3239326,141.0865682,137.972084,140.9597893,139.0188599,140.8186061,139.8237038,141.7982063,143.1648916,143.9442062,143.6776371,144.2772888,141.3678088,137.9040833,134.6996307,134.0205587,138.7474548,134.1743469,132.4659424
7/15/2010,2010,7,157.2905426,159.1716431,157.9806709,153.4347585,154.0359955,148.6695404,148.6363068,147.1695124,145.1532898,146.8804474,148.7653859,149.8320313,150.2275734,150.3342072,147.5115683,144.7461395,141.4174576,140.1384074,143.4665253,139.397934,136.9417908
8/15/2010,2010,8,125.070343,127.488797,128.7543106,125.4708099,124.4279728,123.8743095,121.5311584,122.0503298,121.878458,124.7266884,124.5681559,125.6320648,126.2102642,128.2881821,125.2523063,121.6504173,118.9123077,118.1399968,122.4870773,117.4963531,115.5067673
9/15/2010,2010,9,80.59889984,83.50428314,86.59917831,85.1767807,83.31729698,85.46723175,82.6883812,83.84803263,84.71342659,87.4294796,86.24002584,87.02751541,87.12289619,89.95214844,87.16480364,83.50588608,81.46631241,81.54338837,86.85552216,82.07113647,81.54506531
10/15/2010,2010,10,36.31959534,38.28900452,41.06736851,40.77910233,38.98363209,42.43490505,39.80336189,41.80804761,43.1286726,47.38282871,44.66943487,45.73443222,46.66011524,50.63914795,48.72407641,45.09192467,44.00032043,44.88158099,50.10482559,46.37157822,47.0320137
11/15/2010,2010,11,11.70944548,12.59563656,14.39607239,14.75096544,13.4468534,16.27417469,14.69399881,16.13880094,17.00263405,18.60702229,17.31210327,17.60451603,18.02883959,19.94831047,19.31474604,17.560112,17.2290926,18.01156362,20.43617096,19.02153397,19.56598778
12/15/2010,2010,12,4.225418568,4.990942478,6.201339245,6.660275618,5.970061779,7.404305935,6.860741377,7.617815495,7.951252103,8.916689157,8.312261899,8.480498314,8.593263745,9.728505898,9.688733646,8.467484474,8.431781769,9.21255064,10.83079453,10.05575752,10.51797218
1/15/2011,2011,1,9.214566708,10.3121809,12.37735844,12.5599006,11.16424513,14.09304047,12.00843382,13.09991423,14.65239906,16.52299404,14.36750666,14.69813108,15.83258104,18.90788193,18.15588025,15.7162714,15.18887186,15.87939072,18.8779129,16.83419991,17.3807106
2/15/2011,2011,2,16.79483223,18.43695526,21.08529663,21.66595459,20.0509429,23.2532053,21.21814156,22.35993004,23.85695267,25.65453529,23.69663048,23.94548321,25.06788778,28.35382881,27.79341343,24.72539616,24.17002106,25.40546195,28.8891922,26.90169907,27.57639694
3/15/2011,2011,3,30.25921345,32.77025452,37.84649944,39.55808258,36.23643303,43.5682373,40.00156021,43.80894852,45.57796097,50.4054575,47.25334549,48.30139732,49.57888889,54.19988022,53.24928393,48.69188309,48.07837105,50.31948598,56.63344498,53.72083664,55.77431335
4/15/2011,2011,4,65.1007309,69.92960358,77.24517632,78.47055817,74.21674538,82.06834412,77.61133957,81.17309062,83.16618156,87.16407394,84.58871969,85.3890686,86.42489052,91.62075195,90.21855273,84.18411636,83.03695679,85.54169718,93.0272995,88.63336182,89.64278564
5/15/2011,2011,5,100.7193947,103.976474,108.2472973,107.5745138,104.8557129,108.8978539,105.4712334,107.9286118,108.8396721,113.5936813,111.5854289,112.8029022,114.297555,119.3256348,117.2403085,111.0458298,108.99963,110.7950681,117.8135468,112.7590637,112.4031738
6/15/2011,2011,6,122.9972534,124.8736359,126.6653423,124.4416936,122.8638916,124.1018677,121.2630272,122.756822,122.9314747,127.4577198,126.1892598,127.5911903,128.9073534,133.0290558,131.2389984,125.7144852,124.1497765,126.1727142,130.9149841,127.652359,126.4209106
7/15/2011,2011,7,152.2121887,155.3885376,155.9321327,152.5518239,152.6841698,148.6662178,148.3764114,147.267306,145.8190231,148.4241638,149.4613393,150.6191101,151.0842781,152.180484,148.7510856,145.3126373,141.7445908,140.3258387,144.5993866,139.3512573,136.781015
8/15/2011,2011,8,131.1553726,133.2706055,133.5312729,129.5701345,129.3263645,126.5926685,124.9564095,124.1140747,123.5942173,125.8452339,126.265859,127.4130402,128.4488707,129.7418854,127.4565114,124.5814247,122.1396027,121.076121,124.3050919,120.0236816,117.7341324
9/15/2011,2011,9,85.2509346,88.23121948,91.46915054,89.31116994,87.18953323,89.70110512,85.74527359,86.76078415,88.61512756,91.67092133,89.47892507,90.28819275,90.89521599,95.10783234,91.77038683,87.15232468,84.84967422,84.97040431,90.66644287,85.21645355,84.27211151
10/15/2011,2011,10,40.2118454,42.21838608,45.05830479,45.10986964,43.29284668,46.78753185,44.45919037,46.52332942,47.57761955,50.93607235,48.93109894,49.68423843,50.23650599,53.35753937,51.46175167,48.3355217,47.14281464,47.76152611,51.78993759,48.40665436,48.23676987
11/15/2011,2011,11,10.39985466,11.23601379,12.97281098,13.50427659,12.19445848,15.16160941,13.84570122,15.70645046,16.29516792,18.64590931,17.38353093,17.89225101,18.38773513,19.96139221,19.26033211,17.77766705,17.22992229,17.68911711,19.56362267,18.17880058,18.2838253
12/15/2011,2011,12,2.075145245,2.690700912,4.072105467,4.344774723,3.34487474,5.638845205,4.137236595,5.091508627,6.245521069,7.276409268,5.841041883,5.920930147,6.444627285,8.816780281,8.536249365,6.591696978,6.491899014,7.494960705,9.606684303,8.38711834,8.827929306
1/15/2012,2012,1,5.994557381,7.182798195,9.582578897,10.22249635,8.652867913,12.02362776,10.2059536,11.69331868,12.8903749,14.64115715,12.96134059,13.28441811,13.92875969,16.23830967,15.70849487,13.87117958,13.74922705,14.46561289,16.47091656,15.06280422,15.24736214
2/15/2012,2012,2,22.74506474,24.52718964,26.86029339,27.17246183,25.83468866,28.41537762,26.94489098,28.2199227,28.95432329,30.3034277,29.39641507,29.59757805,29.62168503,31.23249016,30.37003381,28.4652195,27.92378712,28.68905036,31.53711815,29.76651573,30.20630074
3/15/2012,2012,3,33.65618134,35.71580658,39.46514797,40.58085759,38.03820705,43.59305668,41.0265789,44.7172273,45.60020828,51.88086414,48.64454905,50.23379326,52.63448954,57.7395546,57.98725019,53.17963791,53.39880753,56.63904889,61.26888428,59.38713074,60.11734161
4/15/2012,2012,4,76.19393921,80.80614777,87.51420975,89.14365387,85.44998169,91.84099579,88.27692795,90.53181966,92.38318825,94.05476189,92.68211365,92.8211174,92.86412048,95.99261017,93.4179851,89.31772232,87.53384018,88.03752136,92.43026886,88.69333649,87.92437744
5/15/2012,2012,5,124.4362221,128.0288544,130.3590813,127.6854426,126.5752831,126.2166576,124.0211601,124.3871524,124.445509,127.5514069,127.2153117,128.2202721,128.1543341,130.7316956,127.573616,123.1543846,120.5780144,120.9395549,126.9749527,122.0646133,121.375235
6/15/2012,2012,6,133.1754227,137.3200073,140.7915764,139.0626221,137.3735313,137.7839088,136.0244446,136.909345,136.2254333,139.331398,139.823583,140.9784088,141.0723286,142.3682922,138.6264823,135.2641373,131.8486862,130.3964513,135.6969391,130.2071838,128.7484467
7/15/2012,2012,7,154.1643143,155.9985138,155.2776566,150.9674428,151.3050766,146.9838409,146.1628723,145.0541051,143.8566551,146.3651123,147.4792124,148.6627655,148.5981388,148.8757568,144.2317265,141.7969513,137.533844,134.4870911,139.138562,132.9989777,130.7076874
8/15/2012,2012,8,129.6910095,132.1691498,133.1510239,129.5948359,128.8577404,127.2545071,125.2705574,125.1625201,124.7981758,127.7941113,127.631424,128.843689,129.5206718,132.0477844,127.9252984,123.8924446,120.0128059,118.0550474,125.3482742,117.7177429,116.7112534
9/15/2012,2012,9,85.70808029,87.9452301,89.43829346,87.4105835,86.44153976,86.48644257,84.88333893,85.67959722,85.54413795,89.43758583,88.48225911,89.77768707,90.7524271,93.57560272,90.62551335,86.92289734,84.05270386,83.15969721,89.66966248,83.43579865,83.06835022
10/15/2012,2012,10,42.31208611,44.4966835,47.2599287,46.20756785,44.46392155,47.55541897,44.2303791,45.38289324,47.42657089,49.41385841,47.29875183,47.68888283,47.45661449,50.63027115,48.24352155,44.97857094,43.77746964,44.43849373,49.36119766,45.66358566,46.19871216
11/15/2012,2012,11,11.19532871,12.30244007,14.23182297,14.39014784,13.17825174,15.72548056,13.8060894,14.51628494,16.0305934,16.68555403,15.19032669,15.13738918,15.13479424,17.57328148,17.03201076,14.7894311,14.80954504,16.11239036,18.73650589,17.2853241,17.88143082
12/15/2012,2012,12,3.93574512,4.422365761,5.150170565,5.330849965,4.871592879,5.826911092,5.289011478,5.782717387,6.219856739,7.05376029,6.376595497,6.544016123,6.857170224,7.96391449,8.069088595,6.911506414,6.861783981,7.811075926,9.224244499,8.86777401,9.514325523
