Date,Year,Month,sub_1,sub_2,sub_3,sub_4,sub_5,sub_6,sub_7,sub_8,sub_9,sub_10,sub_11,sub_12,sub_13,sub_14,sub_15,sub_16,sub_17,sub_18,sub_19,sub_20,sub_21
1/15/2003,2003,1,4.27,6.44,9.77,12.59,12.64,8.53,7.55,11.82,8.48,13.58,15.92,19.19,13.1,7.34,7.92,4.45,6.93,12.24,6.09,9.11,11.57
2/15/2003,2003,2,4.38,11.42,18.72,21.41,14.23,18.56,8.33,10.32,15.59,14.66,10.54,13.37,10.63,8.18,9.21,4.3,5.9,19.51,8.17,12.17,14.7
3/15/2003,2003,3,18.8,31.66,31.89,33.64,32.47,41.9,30.02,44.29,48.6,43.94,48.03,56.56,41.38,17.89,22.15,17.23,15.55,28.48,6.1,13.69,21.33
4/15/2003,2003,4,56.74,64.06,50.07,46.79,51.95,62.39,38.52,48.47,48.79,25.65,46.21,52.36,31.17,15.55,25.33,23.5,23.43,29.39,10.14,22.16,20.81
5/15/2003,2003,5,108.37,105.6,105.48,113.22,108.53,108.38,98.09,93.57,94.69,70.74,92.86,99.4,81.9,56.71,62.54,75.46,76.41,72.69,24.59,54.22,46.56
6/15/2003,2003,6,81.23,74.34,124.31,150.63,128.29,109.78,92.44,74.13,117.04,81.58,95.33,106.95,78.9,82.07,85.95,70.52,101.69,93.54,28.11,68.74,57.41
7/15/2003,2003,7,74.47,62.7,126.84,170.22,148.5,95.98,87.42,66.94,129.92,117.16,107.06,136.14,105.46,139.25,137.42,97.48,133.57,152,46.54,96.99,86.56
8/15/2003,2003,8,44.46,39.47,94.39,127.76,110.37,57.04,64.74,41.64,98.01,111.94,93.37,122.68,89.26,103.69,121.76,74.57,107.59,127.47,41.78,78.58,74.36
9/15/2003,2003,9,20.14,23.94,59.88,80.95,82.33,40.84,50.96,34.25,69.18,68.98,67.78,74.64,48.9,49.41,65.67,41.33,67.22,68.6,21.58,45.84,33.4
10/15/2003,2003,10,2.31,3,9.17,12.36,18.69,10.77,7.14,4.37,18.26,17.41,15.73,19.97,8.45,3.93,13.11,18.29,26.85,16.3,4.35,15.37,5.48
11/15/2003,2003,11,4.52,4.15,7.12,7.29,8.97,5.66,3.23,4.54,9.37,6.64,7.89,11.19,5.76,1.24,1.28,2.56,3.52,1.94,1.83,2.47,1.21
12/15/2003,2003,12,1.89,3.11,4.27,5.2,3.5,3.3,0.7,1.8,4.02,4.01,4.7,3.5,2.83,3.32,4.59,1.75,2.32,6.86,2.7,2.64,4.5
1/15/2004,2004,1,2.75,2.92,4.6,6.1,4.39,4.06,0.74,2.58,6.52,4.44,3.38,4.65,2.25,1.07,2.26,0.3,0.22,2.34,1.32,0.51,1.6
2/15/2004,2004,2,3.42,7.91,12.17,14.62,11.27,10.58,7.2,9.56,9.93,8.92,8.95,11.86,8.42,4.82,8.75,3.31,3.38,11.54,2.38,3.26,5.75
3/15/2004,2004,3,16.97,25.44,32.27,39.55,33.87,44.72,30.2,35.95,42.97,36.76,40.76,46.85,40.7,15.51,29.44,16,19.77,42.06,12.29,29.63,22.76
4/15/2004,2004,4,48,41.81,40.72,38.25,36.54,54.28,25.24,34.04,55.76,37.52,46.63,55.55,39.66,20.2,26.03,20.04,23.55,32.76,11.37,27.49,19.76
5/15/2004,2004,5,39.2,35.75,69.12,85.79,82.83,62.77,53.88,41.5,71.22,56.58,72.24,79.44,55.01,39.68,46.59,43.5,56.01,52.48,18.72,46.58,35.45
6/15/2004,2004,6,52.85,50.21,117.69,153.55,128.89,103.31,85.17,58.45,117.86,96.51,94.07,111.02,88.4,110.09,112.29,78.98,101.49,111.26,37.29,80.5,70.2
7/15/2004,2004,7,50.87,55.73,132.42,183.21,149.95,101.93,91.79,57.36,134.17,126.37,103.47,136.16,104.06,136.72,144.05,87.1,119.08,145.36,48.56,89.15,80.44
8/15/2004,2004,8,37.73,37.61,102.69,150.03,123.82,65.41,75.49,45.48,109.94,109.64,93.36,116.22,83.74,97.73,120.61,68.94,99.25,122.83,40.4,75.23,62.94
9/15/2004,2004,9,22.25,19.97,48.94,69.51,61.67,29.42,34.81,21.77,61.9,58.2,52.54,60.14,43.57,47.08,66.73,38.57,64.67,68.54,21.95,48.57,30.37
10/15/2004,2004,10,22.38,25.41,33.25,36.6,37.91,28.83,21.41,19.17,33.37,26.46,27.87,34.68,27.53,18.08,29.52,30.31,42.24,25.89,8.82,22.55,11.11
11/15/2004,2004,11,4.1,13.04,19.32,19.39,18.45,16.05,11.48,15.43,19.69,27.73,18.5,27.72,27.29,19.31,15.35,18.02,20.1,15.46,5.52,11.65,5.7
12/15/2004,2004,12,3.2,7.82,12.18,12.3,14.65,13.57,12.18,14.62,14.29,11.74,12.8,12.66,11.57,10.88,8.27,14.58,14.68,12.62,6.21,9.17,10.26
1/15/2005,2005,1,2.06,5.36,8.02,8.45,10.62,9.95,7.28,3.83,10.78,10.35,4.02,10.08,7.57,12.51,7.64,3.12,3.18,14.58,12.28,19.68,13.72
2/15/2005,2005,2,2.19,8.8,15.82,14.86,13.24,14.65,13.54,17.87,19.78,17.17,15.75,20.2,24.77,13.99,22.79,17.94,13.48,22.27,12.78,11.7,7.8
3/15/2005,2005,3,30.97,42.28,48.68,42.21,46.21,60.09,38.65,53.95,55.91,51.45,58.59,68.15,62.2,27.18,54.66,34.53,37.83,64.36,32.65,44.79,22.31
4/15/2005,2005,4,52.77,62.67,46.06,37.45,45.8,70.03,45.33,65.64,58.75,51.05,68.12,68.48,62.18,25.66,40.7,33.12,37.14,54.58,22.24,48.71,27.83
5/15/2005,2005,5,118.72,120.39,110.75,114.96,117.38,105.22,85.23,95.93,84.39,74.17,101.65,105.39,105.58,58.92,81.67,91,96.56,88.55,31.72,76.75,53.51
6/15/2005,2005,6,96.77,88.14,109.93,127.05,128.66,92.65,81.9,78.17,94.37,81.92,93.88,107.68,101.73,85.51,108.22,88.5,110.06,106.84,40.71,94.94,74.82
7/15/2005,2005,7,76.18,64.43,121.19,156.17,144.71,93.18,77.33,69.54,124.52,119.61,112.5,142.98,124.93,126.94,156.58,105.55,138.87,159.48,49.81,106.61,90.24
8/15/2005,2005,8,45.16,39.46,95.34,131.48,115.08,63.3,62.85,50.3,103.58,104.39,95.99,119.38,86.4,86.95,126.53,66.68,101.74,115.86,37.27,71.18,58
9/15/2005,2005,9,31.95,24.79,53.34,65.33,73.36,33.37,37.88,28.76,58.87,56.81,55.64,64.13,45.77,39.84,68.62,40.36,66.29,66.52,20.71,46.2,31.71
10/15/2005,2005,10,2.04,3.72,6.27,8.43,14.75,8.38,6.24,3.58,13.29,10.78,8.43,9.65,5.97,3.71,10,7.98,15.57,8.65,3.29,11.91,5.8
11/15/2005,2005,11,2.3,10.23,13.81,12.72,19.71,8.2,8.52,4.38,7.26,4.87,5.03,7.47,5.56,1.69,5.63,5.16,4.53,1.61,1.24,3.32,2.83
12/15/2005,2005,12,2.71,3.52,7.27,8.95,10.48,8.47,6.9,6.06,10.55,8.41,8.24,10.48,9.07,6.94,6.49,8.45,8.95,8.25,4.13,8.05,14.3
1/15/2006,2006,1,1.52,2.39,5.65,7.87,4.28,6.74,1.91,1.52,6.44,6.01,1.79,3.27,4.94,2.78,4.09,3.51,1.78,3.83,4.68,2.19,4.11
2/15/2006,2006,2,0.42,3.41,6.25,9.74,8.72,10.22,6.42,9.44,12.66,11.13,12.3,16.49,10.88,2.69,13.56,5.77,7.51,21.33,5.5,5.79,8.79
3/15/2006,2006,3,20.02,35.66,50.94,57.09,47.21,52.66,29.27,44.34,59.27,59.68,47.39,55.9,57.68,35.21,41.33,25.48,25.77,48.89,19,21.45,11.76
4/15/2006,2006,4,43.17,59.29,70.39,80.45,67.19,80.66,56.16,76.88,87.05,68.31,80.62,84.24,84.91,38.22,64.08,62.13,64.55,78.42,40.12,48.07,31.79
5/15/2006,2006,5,71.77,70.6,75.19,79.59,76.74,94.18,69.75,80.34,90.13,76.75,97.02,104.74,97.75,59.76,83.26,74.59,83.73,92.73,36.4,77.12,48.2
6/15/2006,2006,6,60.81,62.27,108.99,127.18,119.77,97.09,70.18,63.23,104.17,104,97.58,117.92,111.93,107.53,132.71,99.61,120.47,118.21,48.08,95.87,76.17
7/15/2006,2006,7,66.44,65.22,132.71,171.22,148.83,97.58,74.2,62.3,125.3,122.4,106.6,137.18,116.71,139.52,168.93,103.48,138.09,152.83,51.27,101.53,86.74
8/15/2006,2006,8,40.03,43.31,101.38,142.17,119.44,73.15,59.26,50.36,106.67,103.42,96.32,121.58,84.86,87.32,127.62,65.16,104.95,123.33,37.04,77.85,61.9
9/15/2006,2006,9,21.67,26.61,69.3,95.19,84.49,45.75,40.6,29.43,72.35,66.45,60.83,74.63,51.55,40.78,76.48,41.69,74.35,80.27,21.52,50.3,33.82
10/15/2006,2006,10,6.55,6.46,9.96,14.04,20.29,9.8,4.93,5.15,15.65,15.07,16.14,19,11.2,6.12,16.7,17.36,24.23,12,5.77,16.66,3.61
11/15/2006,2006,11,3.78,3.93,5.74,5.86,7.24,4.22,2.75,2.78,5.34,5.2,3.62,7.62,4.77,2.5,3.79,7.16,6.07,6.58,3.01,7.85,3.79
12/15/2006,2006,12,2.46,3.15,4.98,7.97,8.17,5.44,3.78,4.78,7.22,5.88,7.79,9.65,6.07,1.88,4.42,6.92,6.23,8,2.97,8.02,7.57
1/15/2007,2007,1,2.25,3.2,4.78,6.69,7.87,5.69,4,2.72,6.09,3.79,4.11,6.85,3.47,0.73,2.4,1.82,2.12,3.21,2.52,2.16,5.14
2/15/2007,2007,2,1.04,1.61,8.19,13.92,14.74,9.42,9.24,8.82,11.18,5.21,8.11,10.57,3.78,0.39,3.57,1.63,1.67,6.21,2.13,3.47,5.54
3/15/2007,2007,3,13.63,12.61,13.11,17.01,20.2,35.03,23.1,30.93,30.23,15.3,33.66,42.67,18.27,2.81,10.46,5.42,9.15,23.87,3.65,8.81,9.89
4/15/2007,2007,4,32.65,24.21,24.43,33.27,36.91,37.19,31.47,49.33,45.12,33.41,58.56,63.19,33.65,19.51,29.67,20.19,30.34,44.47,14.58,28.75,25.15
5/15/2007,2007,5,59.91,51.47,81.14,106.95,94.88,70.72,58.13,48.17,81.22,50.74,67.74,75.98,50.14,41.13,56.99,46.2,61.71,66.08,21.37,50.58,38.79
6/15/2007,2007,6,43.87,45.36,99.02,138.74,120.09,82.9,60.18,43.33,98.52,79.56,76.62,96.29,72.21,85.63,102.66,63.67,85.5,86.01,35.52,72.83,62.85
7/15/2007,2007,7,56.62,50.71,125.48,175.3,148.67,89.34,71.68,60.31,131.59,121.41,110.42,146.34,108.45,112.51,144.68,90.96,119.31,135.38,47.04,92.89,81.64
8/15/2007,2007,8,38.15,37.22,96.34,140.23,118.22,54.9,53.4,38.85,101.19,94.01,88.82,115.07,73.57,67.09,112.93,56.08,90.75,110.07,39.98,80.57,78.86
9/15/2007,2007,9,25.7,33.7,60.98,87.02,86.84,35.09,38.73,28.7,66.01,63.33,59.8,74.46,48.13,37.5,69.46,39.93,69.77,80.63,23.24,55.13,34.91
10/15/2007,2007,10,27.16,20.96,29.84,39.18,45.68,21.44,17.34,10.93,23.76,14.36,21.88,25.86,11.73,3.34,14.74,12.99,19.85,16.02,6.43,21.38,7.08
11/15/2007,2007,11,0.92,0.86,5.41,7.5,6.97,4.11,1.3,0.89,5.22,4.93,3.32,5.74,2.56,1.34,4.91,4.87,4.48,4.79,1.22,4.52,3.64
12/15/2007,2007,12,1.63,4.12,7.53,9.59,9.26,4.63,4.01,3.4,6.49,5.28,7.5,7.85,5.39,2.46,3.56,2.33,1.24,2.9,1.8,3.37,2.7
1/15/2008,2008,1,2.09,3,7.18,9.64,7.41,8.62,4.73,3.11,8.35,5.94,4.22,7.29,4.9,3.14,3.84,2.18,1.6,4.03,2.96,1.23,1.09
2/15/2008,2008,2,1.99,8.83,19.41,22.11,15.42,19.1,11.19,9.94,15.45,13.48,11.95,17.59,14.41,3.99,11.81,7.83,6.26,19.37,5.78,8.87,3.96
3/15/2008,2008,3,5.87,7.81,19.45,22.97,17.15,30.5,15.83,15.65,28.89,29.4,23.8,36.22,24.79,10.07,20.15,8.09,9.41,35.73,5.83,15.61,9.09
4/15/2008,2008,4,19.03,18.3,24.05,25,19.2,34.43,12.26,13.67,37.23,36.81,34.89,47.11,32.06,29.31,35.29,19.45,23.11,47.92,15.62,31.32,22.38
5/15/2008,2008,5,30.43,31.63,73.48,92.48,80.74,67.17,48.83,33.42,72.52,61.01,59.59,72.6,59.57,65.95,67.29,50.26,61.03,75.44,26.19,61.71,43.37
6/15/2008,2008,6,57.22,64.71,121.42,156.41,128.69,96.34,71.11,49.14,114.65,99.65,92.03,115.7,91.18,95.44,114.51,84.85,108.7,107.4,44.15,87.52,68.92
7/15/2008,2008,7,80.88,65.79,140.51,184.39,157.49,101.8,92.42,68.55,141.1,130.42,123.13,157.21,119.66,110.02,145.02,108.64,139.21,152.35,50.89,110.05,86.61
8/15/2008,2008,8,31.09,37.38,101.24,136.66,110.99,62.05,56.47,37.28,109.21,93.93,89.54,116.08,76.45,43.79,97.91,56.8,94.43,109.31,31.46,71.66,52.86
9/15/2008,2008,9,14.52,23.35,62.11,82.23,79.48,33.8,43.75,27.2,66.84,54.49,60.99,73.82,49.12,21.22,62.07,41.62,74.63,80.13,23.85,58.87,40.03
10/15/2008,2008,10,10.93,13.78,21.36,22.17,22.7,13.7,5.07,6.33,22.05,17.31,16.21,22.4,7.12,2.32,11.44,9.38,16.03,13.92,6.85,20.08,7.92
11/15/2008,2008,11,3.31,6.03,11.98,13.36,16.28,9.59,6.11,5.62,10.33,7.09,6.06,11.32,12.55,1.97,7.94,16.28,16.96,12.04,2.39,5.68,3.03
12/15/2008,2008,12,3.46,4.3,7.65,10.47,10.21,9.46,7.82,9,13.09,10.66,9.82,14.27,12.98,9.27,13.47,14.08,16.06,17.27,6.05,11.24,16.05
1/15/2009,2009,1,0.17,0.7,3.11,5.37,7.59,6.6,4.77,3.92,7.96,7.76,5.79,11.51,6.68,3.63,8.35,4.24,5.13,12.03,4.21,4.56,9.31
2/15/2009,2009,2,1.08,4.79,5.69,9.53,11.39,11.31,6.92,9.97,15.48,15.39,11.11,18.17,12.32,5.62,13.55,4.36,3.26,14.71,10.4,6.56,9.77
3/15/2009,2009,3,7.98,13.1,14.57,19,18.39,28.31,16.46,26.91,35.48,23.77,25.5,34.78,29.72,6.62,14.04,8.22,10.74,27.58,5.77,10,8.97
4/15/2009,2009,4,23.36,21.75,23.97,27.54,29.48,45.33,35.67,40.51,48.93,31.12,39,45.51,28.8,12.77,21.7,14.82,17.13,31.97,13.9,23.06,24.86
5/15/2009,2009,5,47.17,38.19,70.73,93.69,92.28,70.94,72.67,65.07,78.24,63.97,72.09,87.8,69.09,44.78,64.61,57.48,62.96,73.61,28.12,59.51,45.86
6/15/2009,2009,6,69.47,54.11,106.52,145.29,126.4,84.69,67.67,49.12,101.41,73.03,76.33,97.16,73.63,55.2,85.59,70.48,87.54,82.74,36.4,77.04,65.96
7/15/2009,2009,7,45.04,48.43,125.41,181.37,151.77,90.15,79.6,57.54,130.98,107.27,106.15,144.92,101.35,64.11,120.02,87.95,120.89,131.15,43.66,93.12,78.34
8/15/2009,2009,8,29.18,34.69,99.49,148.12,129.07,62.9,70.28,48.54,111.61,87.75,97.68,125.25,85.79,30.55,94.94,73.53,103.26,114.31,37,80.18,64.91
9/15/2009,2009,9,16.44,21.85,57.83,79.05,80.6,27.23,37.49,21.6,62.24,48.57,56.17,71.28,48.76,13,52.81,46.56,68.34,66.64,20.57,48.49,25.43
10/15/2009,2009,10,12.45,16.1,33.1,38.82,29.4,22.55,17.26,16.5,28.14,19.19,22.07,27.57,12.79,1.43,7.62,12.8,22.8,12.46,4.69,15.55,2.99
11/15/2009,2009,11,3.3,2.93,7.09,6.97,10.09,6.32,4.05,4,7.41,10.05,4.54,8.77,7.53,1.78,3.21,6.26,5.36,1.9,1.88,3.72,2.26
12/15/2009,2009,12,1.65,3.34,6.27,9.22,10.33,6.57,6.49,6.43,7.51,5.78,7.55,11.75,11.17,3.83,7.39,8.86,10.77,12.21,4.46,9.81,9.54
1/15/2010,2010,1,0.86,1.83,2.7,3.08,2.64,7.35,4.65,5.51,6.75,4.93,5,6.85,3.65,2.06,2.53,1.59,2,8.98,3.28,5.54,8.83
2/15/2010,2010,2,3.04,4.52,10.04,15.05,12.16,15.8,9.96,12.52,19.25,17.85,18.35,18.53,19.49,12.72,22.21,15.88,17.72,39.57,21.78,34.75,25.36
3/15/2010,2010,3,27.91,35.79,46.66,47.4,41.02,53.64,33.27,50.17,57.68,55.19,59.84,69.61,64.35,36.15,42.53,30.58,23.36,56.94,27.36,49.29,28.16
4/15/2010,2010,4,47.67,60.33,59.2,55.81,57.78,71.77,49.22,66.64,70.8,60.63,76.49,84.6,77.64,38.84,44.18,41.65,45.79,61.69,22.94,47.77,34.53
5/15/2010,2010,5,88.1,76.02,83.88,80.9,82.59,76.08,62.09,74.99,68.34,67.46,92.76,103.02,94.5,65.56,71.06,62.66,68.97,75.16,32.01,70.42,49.11
6/15/2010,2010,6,73.72,69.29,111.89,139.2,118.32,97.39,79.45,66.52,96.17,83.84,95.89,106.33,91.38,67.4,91.92,78.71,96.54,92.05,39.86,85.72,65.34
7/15/2010,2010,7,60.79,57.09,134.01,182.01,141.03,106.15,79.92,64.39,128.28,103.76,106.3,140.97,110.62,79.5,122.41,88.02,119.65,132.68,46.39,99.22,78.33
8/15/2010,2010,8,45.37,45.94,110.94,158.6,121.8,76.96,67.53,47.49,109.24,94.25,96.27,126.94,88.1,50.86,103.22,61.92,98.2,117.91,41.15,84.58,65.59
9/15/2010,2010,9,19.15,18.69,65.06,91.43,74.04,32.17,38.25,22.62,62.45,54.8,56.22,72.58,50.97,23.15,70.44,41.5,73.93,87.97,31.08,69.21,49.01
10/15/2010,2010,10,14.49,17.94,29.04,36.11,36.32,14.25,13.84,11.14,17.39,15.78,21.74,29.22,14.86,3.11,11.96,17.87,32.27,20.36,8.75,19.57,18.76
11/15/2010,2010,11,9.23,12.2,14.59,14.25,18.13,11.99,11.25,16.64,15.24,18.18,17.06,21.78,23.59,11.74,18.68,21.64,23.85,13.7,6.26,12.24,9.53
12/15/2010,2010,12,5.52,6.81,5.72,7.82,6.48,4.29,6.24,1.59,3.39,7.33,1.82,4.77,5.04,1.02,1.71,0.49,1.05,3.49,3.48,4.43,5.62
1/15/2011,2011,1,1.25,4.55,9.85,14.2,10.94,11.29,7.31,7.37,12.58,12.95,9.57,12.91,9.59,6.06,10.83,5.63,8.63,17.28,14.64,11.97,14.07
2/15/2011,2011,2,3.53,5.54,12.34,13.61,10.56,13.45,7.19,11.41,16.36,14.76,14.9,18.88,13.05,6.64,15.53,6.53,7.75,23.65,9.05,12.07,11.87
3/15/2011,2011,3,26.1,29.08,34.27,42.65,37.63,41.45,27.87,36.05,42.42,38.99,38.73,51.86,43.3,26.2,38.13,25.32,21.78,43.5,31.28,36.07,39.39
4/15/2011,2011,4,42.31,37.09,42.86,43.52,39.29,53.02,31.74,48.04,59.15,51.69,61.3,71.05,58.01,39.52,57.77,29.98,35.81,64.01,40.8,53.82,40.23
5/15/2011,2011,5,88.29,78.68,98.04,103.4,96.72,86.24,65.54,64.9,82.14,72.58,80.38,94.06,77.72,55.24,74,60.54,71.65,80.52,45.09,82.41,61.35
6/15/2011,2011,6,90.17,82.01,118.94,143.68,134.23,99.27,79.75,69.46,97.25,101.09,102.22,126.78,118.04,86.01,115.33,99.63,116.84,102.85,52.64,101.3,80.11
7/15/2011,2011,7,93.72,74.42,141.55,190.9,162.85,110.06,84.23,68.4,131.27,117.42,107.74,144.43,118.53,114.3,146.83,98.29,129.86,146.47,56.14,119.31,98.61
8/15/2011,2011,8,36.62,36.86,100.94,150.18,119.24,66.56,53.59,41.7,101.02,99.65,88.22,124.71,87.17,78.94,123.78,62.68,101.69,128.46,45.66,94.02,72.4
9/15/2011,2011,9,15.87,19.02,59.97,91.67,84.77,32.73,39.09,26.7,65.89,58.96,55.74,75.29,49.94,35.44,72.08,38.59,64.17,80.71,27.6,58.31,44.7
10/15/2011,2011,10,32.44,25.54,22.99,32.99,39.67,12.47,13.93,9.14,18.64,14.38,11.7,15.77,11.55,5.24,15.04,17,29.2,20.77,10.41,24.14,16.62
11/15/2011,2011,11,3.36,4.03,9.59,10.3,12.72,10.6,7.46,9.88,12.36,9.65,12.21,15.63,11.2,5.6,7.82,8.69,13.24,7.78,5.04,7.52,7.8
12/15/2011,2011,12,1.39,3.55,7.18,9.5,10.82,5.85,5.46,5.62,8.54,5.65,7.42,8.53,7.14,2.79,4.75,6.45,7.87,7.41,5.32,6.37,6.47
1/15/2012,2012,1,1.35,1.64,6.01,6.55,6.96,4.29,1.57,1.92,5.5,4.18,4.64,7.07,5.03,1.8,4.11,3.13,2.24,5.2,1.97,2.94,3.63
2/15/2012,2012,2,1.04,2.69,9.72,12.96,8.82,6.98,3.33,2.09,8.38,6.97,4.52,8.15,3.27,1.03,4.24,1.01,1.45,7.21,1.4,1.76,3.53
3/15/2012,2012,3,20.61,20.01,25.49,19.32,29.29,28.41,10.05,12,24.2,18.36,17.84,30.91,19.25,11.14,19.73,16.7,20.04,31.81,5.51,11.98,8.13
4/15/2012,2012,4,37.08,44.94,49.89,40.8,51.57,57.3,47.5,56.81,62.75,42.56,64.49,66.94,52.99,25.62,37.97,31.23,41.29,63.41,20.25,37.38,29.09
5/15/2012,2012,5,64.31,59.85,80.67,87.33,90.25,81.12,71.71,66.93,85.71,64.63,80.49,89.84,72.48,57.87,72.27,60.7,73.39,87.14,37.12,73.03,54.67
6/15/2012,2012,6,58.77,55.04,109.19,138.45,110.25,85.58,62.1,48.88,92.67,93,89.59,110.5,92.86,93.66,107.91,81.18,97.12,92.53,47.14,87.03,72
7/15/2012,2012,7,52.64,52.75,126.74,171.43,132.03,91.62,71.53,55.12,119.01,115.62,101.89,138.4,107.28,106.04,138.05,97.13,128.19,143.06,56.88,104.95,91.95
8/15/2012,2012,8,34.3,38.07,104.44,148.65,114.11,73.45,61.93,43.82,108.43,101.78,95.27,126.84,88.72,68.01,116.9,64.53,100.46,124.67,41.75,82.5,64.46
9/15/2012,2012,9,14.98,20.2,62.11,85.2,74.5,34.09,37.18,24.68,64.37,51.51,55.2,69.51,44.79,26.74,63.62,34.33,63.93,80.7,27.19,59.25,40.03
10/15/2012,2012,10,4.56,9.87,21.33,23.2,25.81,12.52,8.51,5.61,20.25,12.8,13.37,18.38,9.33,4.9,13.7,12.31,20.58,16.31,10.58,23.19,12.94
11/15/2012,2012,11,14.73,11.21,17.57,20.37,20.71,13.64,12.3,9.53,14.63,7.2,8.24,8.46,9.76,1.85,5.43,11.25,12.76,7.3,3.37,6.36,3.21
12/15/2012,2012,12,1.59,3.24,7.68,10.72,6.31,7.74,4.51,7.74,9.92,6.7,6.81,8.44,7.29,3.66,3.78,5.89,5.13,4.37,1.61,2.68,2.7
1/15/2013,2013,1,0.59,3.54,7.72,9.99,8.29,7.14,5.65,3.01,7.93,6.01,3.22,6.1,4.4,0.73,1.68,0.79,0.82,2.82,1.34,2.06,5.2
2/15/2013,2013,2,0.42,1.83,5.96,6.34,6.44,5.44,2.95,3.38,6.75,8.3,3.89,7.81,7.62,0.74,6.89,3.04,2.85,13.21,1.25,2.71,5.4
3/15/2013,2013,3,7.74,6.58,12.63,14.09,16.86,21.13,21.62,19.11,29.47,22.36,20.77,34.92,21.9,6.62,16.76,4,7.22,31.39,7.05,15.56,18.73
4/15/2013,2013,4,31.76,27.26,33.12,36.27,42.21,38.92,31.21,40.08,53.5,51.77,54.64,63.59,47.32,32.02,37.53,21.33,19.73,38.21,16.41,28.44,21.61
5/15/2013,2013,5,48.25,41.87,84.6,105.41,90.53,58.9,48.31,36.7,68.22,61.78,67.5,83.13,64.95,50.95,63.73,55.01,68.85,72.26,31.78,65.16,50
6/15/2013,2013,6,45.18,46.92,111.38,155.3,127.56,84.41,70.5,56.91,112.31,100.87,99.4,122.04,98.97,82.71,102.38,85.68,94.85,90.88,41.96,85.73,66.3
7/15/2013,2013,7,47.02,49.14,129,183.87,151.19,93.28,78.6,55.61,127.38,115.86,110.87,145.14,109.29,75.08,113.93,87.62,107.73,122.33,44.06,95.26,75.25
8/15/2013,2013,8,38.61,41.16,104.52,145.59,120.35,61.81,58.02,39.87,103.73,89.96,90.18,116.77,75.52,42.52,90.28,52.47,84.55,106.78,36.76,80.38,62.88
9/15/2013,2013,9,37.93,41.41,74.09,96.04,91.5,38.19,47.2,34.97,71.25,59.4,69.29,81.85,54.29,29.54,58.48,39.01,62.37,72.04,26.52,60.99,40.76
10/15/2013,2013,10,2.97,5.28,11.3,14.53,14.6,9.41,2.32,2.95,12.74,8.87,8.47,15.12,5.05,1.35,7.2,5.43,9.93,10.73,6.38,17.16,4.09
11/15/2013,2013,11,1.35,2.21,5.59,8.57,9.12,5.18,2.09,2.2,7.8,8.14,6.58,7.36,5.75,1.25,2.21,5.02,2.72,2.94,1.84,4.46,2.36
12/15/2013,2013,12,4.05,6.65,7.69,11.59,14.75,9.3,9.15,7.58,11.35,9.38,9.1,11.57,8.24,3.2,3.97,7.53,8.09,9.35,3.85,9.84,9.37
1/15/2014,2014,1,0.19,2.17,3.59,4.76,7.48,5.24,3.89,2.33,6.03,8.57,7.94,14.22,7.81,1.81,4.71,3.87,4.03,5.86,2.08,1.92,3.05
2/15/2014,2014,2,1.31,0.99,5.36,5.15,5.59,5.94,4.47,4.51,7.07,6.11,7.08,12.24,5.26,1.12,4.41,4.4,4.12,10.46,0.59,0.36,1.23
3/15/2014,2014,3,15.93,20.28,20.9,18.32,23.07,22.61,12.9,27.32,38.95,25.95,35.15,44.85,20.22,5.41,12.86,5.7,9.31,24.68,4.68,8.87,6.9
4/15/2014,2014,4,37.37,41.97,35.16,29.79,35.49,52.25,30.04,43.83,55.9,36.84,48.76,57.01,34.77,17.8,28.1,21.94,36.85,43.73,16.78,29.71,25.07
5/15/2014,2014,5,43.67,41.63,57.81,71.04,76.65,57.91,48.86,44.26,70.35,54.21,61.68,74.94,58.78,41.69,56.43,49.85,64.66,61.33,32.82,56.32,46.61
6/15/2014,2014,6,34.17,43.89,93.81,128.03,108.56,76.63,64.56,47.14,97.27,69.74,88.2,105.25,79.85,51.57,78.81,65.83,79.28,76.9,36.13,71.02,54.39
7/15/2014,2014,7,55.37,59.54,118.21,166.7,150.9,91.37,90.32,72.34,132,102.07,125.31,155.31,114.04,70.33,112.72,96.66,116.13,127.43,47.4,92.74,79.42
8/15/2014,2014,8,39.18,39.69,80.91,119.81,107.94,58.68,61.3,45.71,103.83,65.91,89.81,110.3,66.2,28.1,70.07,48.61,77.97,86.91,29.58,60.53,45.16
9/15/2014,2014,9,38.01,39.09,59.98,82.79,81.57,33.12,42.7,24.66,62.54,31.88,52.42,58.07,37.16,12.56,40.57,31.76,57.45,65.45,23.25,52.96,32.79
10/15/2014,2014,10,31.99,15.81,12.74,18.4,21.65,10.33,7.19,5.48,16.97,7.68,14.3,20.12,10.05,3.24,9.5,10.01,15.11,10.93,8.79,21.38,8.45
11/15/2014,2014,11,9.13,8.04,6.36,9.35,11.78,7.78,5.99,7.28,11.54,12.88,11.73,18.82,16.82,8.46,13.28,15.68,18.88,15.71,7.4,15.95,9.77
12/15/2014,2014,12,1.54,3.38,7.15,11.14,8.88,7.36,6.57,9.6,11.73,10.89,11.74,9.68,5.95,6.53,5.52,3.27,3.45,5.24,5.31,5.68,6.47
1/15/2015,2015,1,1.16,3.44,5.72,8.41,10.71,9.62,10.42,14.33,14.52,11.44,13.12,12.45,12.14,5.01,9.02,12.13,12.59,15.39,8.05,10.71,13.63
2/15/2015,2015,2,6.09,12.74,16.97,19.3,19.92,20.71,13.85,16.88,26.49,16.39,17.27,22.61,11.94,1.44,8.79,5.82,10.62,20.2,4.64,7.51,7.22
3/15/2015,2015,3,13.41,14.65,23.16,16.09,19.09,32.92,17.41,22.58,35.17,29.98,35.47,43.55,20.67,5.87,15.95,5.97,11.05,30.77,9.55,19.04,20.26
4/15/2015,2015,4,22.36,22.66,25.87,26.17,29.37,35.08,21.51,28.29,46.84,30.15,36.42,43.05,30.42,15.17,27.35,21.67,29.39,37.61,17.27,31.07,23.85
5/15/2015,2015,5,47.18,47.17,67.07,87.06,81.96,64.65,54.04,40.02,71.44,41.89,61.03,66.12,53.54,28.45,44.86,42.41,44.01,47.98,25.09,51.88,39.98
6/15/2015,2015,6,41.65,48.28,95.08,130.35,118.78,79.35,67.67,53.67,101.15,69.86,97.56,114.87,78.42,49.99,79.51,62.01,79.21,76.26,35.7,73.14,57.19
7/15/2015,2015,7,51.4,54.15,98.72,144.97,133.98,78.13,69.82,57.59,120.86,93.89,115.81,143.62,97.86,54.68,96.55,74.55,96.01,113.47,44.24,83.69,69.06
8/15/2015,2015,8,53.64,51.67,93.84,122.84,113.74,53.6,58.1,45.66,100.98,72.23,96.09,112.81,74.57,33.77,77.12,58.54,89,96.24,35.83,72.91,58.54
9/15/2015,2015,9,22.6,29.82,42.91,56.37,66.12,20.81,32.69,20.65,54.01,31.96,48.84,55.31,41.1,16.92,41.8,36.04,61.01,57.48,23.57,52.94,30.91
10/15/2015,2015,10,1.97,7.37,8.48,10.23,15.01,8.93,1.93,3.96,12.59,4.15,11.01,15.9,12.04,2.43,7.67,12.08,16.42,14.84,7.06,14.55,3.66
11/15/2015,2015,11,2.4,4.81,9.18,11.92,13.43,7.56,6.36,6.74,11.5,14.81,14.19,18.05,16.83,5.89,6.79,12.09,14.91,9.68,4.38,10.04,6.08
12/15/2015,2015,12,2.78,2.59,3.85,4.45,5.32,4.64,2.97,2.75,4.91,3.19,5.07,4.77,4.22,2.48,3.15,3.95,4.58,5.8,1.96,3.53,5.47
1/15/2016,2016,1,0.4,0.93,2.34,2.91,2.88,6.61,1.2,3.2,7.49,4.92,5.26,5.58,3.54,3.52,5.62,6.38,6.21,8.85,7.43,8.81,10.89
2/15/2016,2016,2,5.23,13.28,11.45,11.51,13.58,8.87,6.86,11.77,14.48,18.1,13.3,22.34,21.63,6.39,14.92,10.02,8.67,27.18,9.82,19.37,12.57
3/15/2016,2016,3,14.4,25.69,31.49,28.5,32.85,38.68,26.16,36.4,41.79,40.35,42.08,56.94,57.65,9.83,25.43,28.49,34.57,44.48,6.61,22.02,9.22
4/15/2016,2016,4,39.89,40.01,39.22,33.41,35.09,54.78,28.91,58.74,63.7,56.78,70.82,74.91,73.78,26.4,34.26,36.98,42.22,50.23,22.03,43.17,32.67
5/15/2016,2016,5,80.06,66.54,82.17,89.75,95.16,62.34,51.06,63.54,73.86,65.97,90.57,91.25,78.64,47.79,53.55,54.99,64.18,56.96,28.11,57.15,44.16
6/15/2016,2016,6,72.72,62.61,113.18,148.23,124.48,80.18,64.47,55.54,95.71,82.28,102.41,114.51,96.34,65.93,91.96,73.53,89.2,82.59,39.05,81.72,58.47
7/15/2016,2016,7,64.51,55.96,125.48,178.96,149.21,81.6,76.35,60.18,109.13,98,112.14,142.77,113.14,62.82,109.05,80.38,110.05,119.69,40.08,86.18,59.6
8/15/2016,2016,8,39.52,44.06,100.8,148.95,130.46,65.34,70.08,58.85,103.24,83.13,109.1,129.55,89.44,33.27,83.61,62.37,92.31,100.91,29.48,67.91,44.07
9/15/2016,2016,9,18.46,24.69,54.45,77.84,76.43,27.74,34.3,24.31,55.4,33.06,54.3,59.91,39.28,12.11,36.42,30.13,50.89,48.79,18.24,43.37,24.07
10/15/2016,2016,10,17.1,34.14,23.58,32.98,31.22,15.42,11.36,8.1,27.35,7.93,12.4,11.67,5.52,1.74,4.72,4.12,6.9,6.5,5.05,13.59,4.56
11/15/2016,2016,11,13.13,12.91,11.86,12.06,13.07,10.86,8.63,13.27,12.45,10.24,11.84,15.74,11.46,4.85,5.83,9.03,10.46,4.46,2.41,5.32,3.77
12/15/2016,2016,12,2.27,7.24,10.59,12.55,10.91,8.37,7.57,9.4,11.4,7.54,10.72,10.73,8.35,10.19,9.3,5.45,9.76,10.45,7.89,7.1,10.29
1/15/2017,2017,1,3.89,5.18,7.04,7.84,5.37,6.95,2.29,3.21,7.15,6.51,2.94,5.03,5.67,2.68,2.97,1.51,1.22,4.57,3.79,4.1,7.67
2/15/2017,2017,2,4.43,5.32,10.24,10.08,7.79,13.82,3.18,3.68,13.89,15.37,6.57,9.62,10.85,10.26,12.23,5.68,6.87,20.63,15.62,18.9,21.61
3/15/2017,2017,3,24.04,29.34,42.63,54.04,41.29,45.19,27.35,40.06,54.69,44.27,41.83,50.53,44.2,30.96,40.69,24.27,29.4,51.14,39.03,48.68,41.52
4/15/2017,2017,4,42.31,45.69,43.96,57,55.01,59.51,41.5,72.41,66.48,56.49,75.39,83.01,63.71,34.32,49.44,41.81,47.05,56.81,31.95,50.89,45.46
5/15/2017,2017,5,79.61,73.37,87.97,89.58,94.67,84.69,71.4,85.5,81.47,75.89,97.96,101.27,84.88,61.46,73.8,62.17,71.64,73.49,51.04,79.84,70.63
6/15/2017,2017,6,75.07,73.17,115.34,131.71,119.84,94.54,62.17,68.64,99.28,97.8,110.57,121.98,112.74,89.54,117.67,92.09,105.33,101.45,49.5,103.33,83.62
7/15/2017,2017,7,61.96,60.34,131.01,165.66,134.77,88.47,60.77,68.13,114.34,106.47,121.11,146.31,122.63,98.13,147.57,100.22,130.78,145.03,52.76,115.41,93.06
8/15/2017,2017,8,51.95,56.76,109.84,143.16,121.44,76.59,59.15,70.47,107.23,89.44,116.39,133.81,92.23,53.99,107.74,64.71,101.35,115.52,37.23,84.52,68.79
9/15/2017,2017,9,35.22,32.98,58.19,74.33,65.66,30.26,29.51,29.84,54.78,40.42,58.19,64.76,46.86,24.78,59.12,39.81,65.99,62.85,22.23,49.55,35.52
10/15/2017,2017,10,4.25,10.79,14.94,20.92,21.11,12.57,5.7,11.3,21.51,23.38,29.26,33.14,24.56,12.26,23.55,26.89,34.64,20.02,12.36,24.9,16.72
11/15/2017,2017,11,5.99,9.09,9.59,13.07,12.06,6.43,3.13,4.62,7.86,5.71,7.46,8.33,6.82,2.39,5.08,7.47,8.88,5.63,2.9,6.39,8.62
12/15/2017,2017,12,2.47,6.93,5.89,8.4,11.93,6.77,9.41,12.41,10.13,10.41,14.29,17.28,11.01,8.08,8.62,10.71,13.25,11.13,6.12,8.8,11.52
1/15/2018,2018,1,0.59,1.8,2.79,4.33,4.84,6.78,3.95,2.57,6.13,4.03,2.95,7.7,2.18,0.54,2.38,0.46,0.96,4.83,5.09,4.68,8.61
2/15/2018,2018,2,1.69,4.89,6.36,9.79,11.82,8.79,9.98,12.07,13.46,9.32,14.52,16.31,4.85,0.5,5.04,1.06,1.14,7.29,2.88,2.45,4.82
3/15/2018,2018,3,9.77,13.77,22.72,22.25,27.98,34.97,21.57,29.77,33.73,26.98,34.01,42.93,37.44,10.55,16.25,16.93,18.58,32.61,7.51,16.85,24.93
4/15/2018,2018,4,50.04,40.13,31.15,30.55,48.88,51.93,47.85,57.96,57.02,43.08,69.39,76.01,62.97,18.39,26.87,28.25,36.11,42.24,12.75,26.45,31.44
5/15/2018,2018,5,63.65,52,71.84,81.72,83.95,71.66,65.47,72.65,84.59,53.81,88.69,87.57,74.29,42.46,55.01,53.69,66.34,65.36,28.48,57.2,49.51
6/15/2018,2018,6,59.79,51.65,107.87,149.41,118.86,88.03,74.08,68.03,93.57,85.84,108.9,116.19,103.31,85.99,108.4,84.36,101.39,92.45,41.74,81.27,65.16
7/15/2018,2018,7,72.1,61.26,134.61,189.89,148.25,105.2,85.6,79.56,126.74,109.84,135.84,155.75,134.45,97.6,139.53,113.43,142.16,138.68,48.74,100.54,86
8/15/2018,2018,8,64.33,61.25,119.43,158.12,134.37,76.9,80.04,68.7,105.01,86.12,114.49,132.87,96.47,58.6,101.67,74.36,109.08,113.95,36.91,78.27,62.75
9/15/2018,2018,9,17.14,23.62,53.19,73.35,70.44,30.73,37.01,31.63,56.77,43.39,66.12,73.04,51.71,26.19,59.01,44.98,73.94,72.77,24.84,56.48,42
10/15/2018,2018,10,1.68,6.08,8.57,13.19,11.54,8.33,3.85,5.42,14,12.28,13.85,12.61,9.61,4.93,10.85,9.41,12.26,10.38,5.75,11.18,5.53
11/15/2018,2018,11,0.02,0.52,4.61,4.53,4.97,3.75,1.85,2.57,6.9,8.44,7.37,11.54,7.89,3.84,5.8,7.41,6.16,5.34,3.66,7.47,5.43
12/15/2018,2018,12,0.68,4.52,9.33,12.51,11.56,7.58,5.13,5.65,8.95,9.96,9,10.78,6.53,4.32,3.98,4.25,3.75,5.3,3.21,6.31,7.01
1/15/2019,2019,1,0.47,1.59,4.88,7.68,7.59,6.6,4.48,4.92,8.72,8.33,4.4,8.59,6.79,4.93,7.63,3.02,2.92,7.29,5.4,3.4,5.31
2/15/2019,2019,2,1.26,3.84,10.45,15.94,11.08,13.69,8.8,13.69,20.74,22.93,10.8,18.62,18.47,15.26,19.58,9.78,9.86,19.68,10.49,6.41,6.65
3/15/2019,2019,3,12.94,26.7,38.61,49.02,27.81,38.8,19.36,23.07,44.83,39.31,31.35,41.82,41.55,15.09,22.32,21.28,20.61,42.89,12.82,23.52,12.93
