Date,Year,Month,sub_1,sub_2,sub_3,sub_4,sub_5,sub_6,sub_7,sub_8,sub_9,sub_10,sub_11,sub_12,sub_13,sub_14,sub_15,sub_16,sub_17,sub_18,sub_19,sub_20,sub_21,sub_22,sub_23,sub_24,sub_25,sub_26,sub_27,sub_28,sub_29,sub_30,sub_31,sub_32,sub_33,sub_34,sub_35,sub_36,sub_37,sub_38,sub_39,sub_40,sub_41,sub_42,sub_43,sub_44,sub_45,sub_46
1/15/1998,1998,1,96.72,133.92,438.96,200.88,111.6,267.84,148.8,238.08,312.48,357.12,409.2,401.76,424.08,424.08,223.2,431.52,476.16,446.4,446.4,126.48,438.96,386.88,126.48,438.96,312.48,446.4,245.52,431.52,446.4,334.8,483.6,424.08,438.96,290.16,52.08,282.72,163.68,163.68,126.48,208.32,252.96,267.84,267.84,208.32,372,453.84
2/15/1998,1998,2,215.04,262.08,477.12,268.8,215.04,383.04,262.08,329.28,369.6,409.92,450.24,450.24,456.96,490.56,208.32,430.08,564.48,443.52,490.56,262.08,463.68,530.88,201.6,470.4,490.56,443.52,477.12,450.24,470.4,336,450.24,436.8,450.24,530.88,174.72,530.88,282.24,282.24,228.48,349.44,376.32,383.04,383.04,288.96,409.92,524.16
3/15/1998,1998,3,96.72,126.48,186,126.48,111.6,148.8,66.96,141.36,156.24,163.68,178.56,163.68,171.12,178.56,111.6,186,223.2,178.56,193.44,104.16,178.56,178.56,119.04,171.12,148.8,163.68,111.6,148.8,141.36,126.48,171.12,141.36,171.12,96.72,81.84,74.4,141.36,141.36,126.48,126.48,148.8,148.8,148.8,133.92,200.88,223.2
4/15/1998,1998,4,79.2,100.8,122.4,64.8,79.2,86.4,50.4,72,93.6,115.2,129.6,129.6,136.8,115.2,64.8,115.2,100.8,129.6,115.2,86.4,122.4,86.4,72,122.4,79.2,129.6,72,129.6,129.6,100.8,144,129.6,136.8,79.2,36,79.2,122.4,122.4,93.6,79.2,86.4,86.4,86.4,64.8,86.4,93.6
5/15/1998,1998,5,59.52,74.4,215.76,89.28,66.96,119.04,74.4,111.6,141.36,156.24,178.56,178.56,178.56,208.32,163.68,230.64,186,238.08,223.2,74.4,223.2,156.24,66.96,215.76,141.36,223.2,133.92,200.88,193.44,141.36,148.8,148.8,163.68,126.48,52.08,119.04,89.28,89.28,74.4,104.16,111.6,111.6,111.6,89.28,148.8,186
6/15/1998,1998,6,43.2,50.4,57.6,28.8,43.2,50.4,7.2,43.2,36,28.8,36,28.8,36,50.4,72,72,43.2,72,64.8,72,64.8,36,50.4,57.6,28.8,64.8,28.8,50.4,43.2,50.4,43.2,28.8,36,14.4,14.4,0,79.2,79.2,57.6,57.6,43.2,43.2,43.2,28.8,50.4,50.4
7/15/1998,1998,7,7.44,0,0,0,0,0,0,7.44,7.44,0,0,0,0,0,14.88,7.44,0,7.44,0,7.44,7.44,0,0,7.44,0,7.44,0,0,0,7.44,0,0,0,0,0,0,7.44,7.44,0,7.44,0,0,0,0,0,0
8/15/1998,1998,8,7.44,0,0,0,0,0,0,0,0,0,0,0,0,0,0,7.44,0,7.44,0,7.44,0,0,0,0,0,0,0,0,0,0,0,0,0,0,0,0,0,0,0,0,0,0,0,0,0,0
9/15/1998,1998,9,21.6,14.4,7.2,14.4,14.4,28.8,0,36,43.2,36,43.2,43.2,50.4,7.2,28.8,14.4,0,14.4,7.2,28.8,14.4,0,14.4,14.4,7.2,14.4,7.2,14.4,14.4,36,57.6,36,57.6,7.2,14.4,7.2,21.6,21.6,14.4,28.8,28.8,28.8,28.8,14.4,14.4,7.2
10/15/1998,1998,10,14.88,14.88,52.08,14.88,14.88,14.88,22.32,14.88,22.32,22.32,22.32,29.76,29.76,52.08,29.76,59.52,52.08,59.52,52.08,14.88,52.08,52.08,14.88,52.08,44.64,52.08,37.2,44.64,37.2,29.76,37.2,37.2,29.76,37.2,7.44,29.76,14.88,14.88,14.88,7.44,7.44,7.44,7.44,7.44,52.08,59.52
11/15/1998,1998,11,36,43.2,280.8,64.8,36,108,57.6,100.8,129.6,151.2,180,187.2,201.6,266.4,208.8,309.6,295.2,302.4,288,43.2,288,216,36,280.8,172.8,288,122.4,266.4,266.4,230.4,302.4,244.8,237.6,158.4,28.8,172.8,50.4,50.4,36,79.2,100.8,108,108,72,324,309.6
12/15/1998,1998,12,59.52,66.96,104.16,37.2,44.64,52.08,22.32,52.08,81.84,96.72,111.6,111.6,119.04,96.72,59.52,111.6,96.72,119.04,104.16,44.64,111.6,81.84,29.76,111.6,74.4,119.04,52.08,111.6,111.6,96.72,148.8,119.04,133.92,59.52,37.2,59.52,66.96,66.96,44.64,44.64,52.08,52.08,52.08,37.2,96.72,96.72
1/15/1999,1999,1,119.04,148.8,141.36,126.48,119.04,186,89.28,171.12,223.2,238.08,275.28,260.4,275.28,141.36,89.28,148.8,141.36,156.24,141.36,133.92,148.8,104.16,111.6,148.8,74.4,163.68,52.08,156.24,163.68,163.68,275.28,223.2,282.72,81.84,104.16,96.72,163.68,163.68,133.92,163.68,178.56,178.56,178.56,133.92,156.24,148.8
2/15/1999,1999,2,60.48,73.92,295.68,120.96,47.04,181.44,87.36,181.44,262.08,282.24,336,329.28,356.16,282.24,161.28,309.12,302.4,322.56,295.68,80.64,302.4,248.64,47.04,309.12,208.32,315.84,168,295.68,282.24,282.24,423.36,342.72,389.76,235.2,26.88,262.08,94.08,94.08,60.48,134.4,161.28,168,168,120.96,268.8,288.96
3/15/1999,1999,3,44.64,52.08,126.48,29.76,37.2,52.08,52.08,44.64,66.96,81.84,96.72,96.72,96.72,119.04,66.96,133.92,133.92,141.36,126.48,37.2,133.92,126.48,29.76,133.92,126.48,133.92,111.6,119.04,104.16,81.84,119.04,96.72,104.16,119.04,29.76,104.16,52.08,52.08,37.2,44.64,52.08,52.08,52.08,37.2,111.6,119.04
4/15/1999,1999,4,50.4,57.6,64.8,50.4,43.2,79.2,36,79.2,86.4,86.4,100.8,93.6,100.8,64.8,36,64.8,64.8,72,64.8,57.6,72,57.6,50.4,64.8,50.4,72,50.4,64.8,64.8,57.6,86.4,79.2,93.6,57.6,36,64.8,64.8,64.8,50.4,72,72,72,72,57.6,57.6,57.6
5/15/1999,1999,5,7.44,7.44,7.44,7.44,0,7.44,0,14.88,14.88,22.32,22.32,22.32,22.32,7.44,14.88,7.44,0,14.88,7.44,14.88,7.44,0,0,7.44,0,14.88,0,14.88,14.88,14.88,22.32,22.32,22.32,0,0,0,7.44,7.44,7.44,14.88,7.44,7.44,7.44,7.44,7.44,0
6/15/1999,1999,6,0,0,21.6,7.2,0,14.4,0,14.4,14.4,7.2,14.4,14.4,14.4,21.6,21.6,21.6,14.4,28.8,21.6,7.2,21.6,14.4,7.2,21.6,14.4,21.6,14.4,21.6,14.4,14.4,14.4,7.2,14.4,7.2,0,0,7.2,7.2,0,14.4,14.4,14.4,14.4,7.2,0,7.2
7/15/1999,1999,7,7.44,0,0,0,0,7.44,0,0,0,0,0,0,0,0,7.44,0,0,0,0,7.44,0,0,0,0,0,0,0,0,0,0,0,0,0,0,0,0,0,0,0,7.44,7.44,0,0,0,0,0
8/15/1999,1999,8,7.44,0,7.44,0,0,0,0,7.44,7.44,7.44,7.44,7.44,7.44,7.44,22.32,14.88,7.44,7.44,7.44,7.44,7.44,7.44,0,7.44,7.44,7.44,0,7.44,7.44,7.44,14.88,7.44,7.44,0,0,0,0,0,0,7.44,0,0,0,0,14.88,7.44
9/15/1999,1999,9,7.2,7.2,0,0,7.2,0,0,0,7.2,0,7.2,0,0,0,0,0,0,0,0,7.2,0,0,0,0,0,0,0,0,0,0,0,0,0,0,7.2,0,7.2,7.2,7.2,7.2,0,0,0,0,0,0
10/15/1999,1999,10,7.44,7.44,59.52,0,0,7.44,7.44,14.88,29.76,29.76,37.2,37.2,44.64,52.08,44.64,66.96,44.64,66.96,59.52,7.44,59.52,29.76,0,59.52,22.32,66.96,14.88,59.52,52.08,59.52,66.96,44.64,52.08,22.32,0,22.32,7.44,7.44,0,7.44,7.44,7.44,7.44,0,52.08,44.64
11/15/1999,1999,11,28.8,43.2,158.4,50.4,28.8,72,43.2,64.8,86.4,108,129.6,129.6,136.8,151.2,86.4,165.6,165.6,165.6,158.4,36,158.4,144,28.8,158.4,122.4,158.4,100.8,144,144,108,158.4,136.8,144,115.2,14.4,108,50.4,50.4,36,57.6,72,72,72,50.4,172.8,172.8
12/15/1999,1999,12,37.2,37.2,59.52,0,14.88,0,7.44,7.44,29.76,37.2,44.64,44.64,52.08,52.08,29.76,59.52,52.08,66.96,59.52,22.32,59.52,44.64,0,59.52,44.64,66.96,37.2,59.52,52.08,37.2,59.52,44.64,52.08,37.2,22.32,37.2,37.2,37.2,14.88,0,0,0,0,0,66.96,52.08
1/15/2000,2000,1,96.72,126.48,275.28,178.56,104.16,282.72,133.92,260.4,312.48,327.36,379.44,364.56,386.88,260.4,171.12,290.16,260.4,297.6,275.28,141.36,282.72,215.76,126.48,282.72,186,297.6,148.8,275.28,267.84,260.4,364.56,312.48,379.44,163.68,44.64,171.12,163.68,163.68,119.04,230.64,267.84,275.28,275.28,193.44,275.28,267.84
2/15/2000,2000,2,139.2,194.88,334.08,229.68,160.08,320.16,160.08,264.48,299.28,348,389.76,389.76,410.64,334.08,160.08,306.24,354.96,320.16,341.04,187.92,327.12,278.4,180.96,327.12,222.72,334.08,187.92,348,375.84,320.16,473.28,424.56,431.52,257.52,69.6,299.28,236.64,236.64,187.92,271.44,320.16,327.12,327.12,243.6,285.36,354.96
3/15/2000,2000,3,59.52,74.4,104.16,29.76,59.52,37.2,29.76,37.2,52.08,59.52,66.96,66.96,74.4,104.16,59.52,104.16,96.72,111.6,104.16,52.08,111.6,81.84,44.64,111.6,66.96,111.6,59.52,111.6,119.04,66.96,89.28,89.28,74.4,66.96,44.64,74.4,81.84,81.84,59.52,37.2,37.2,37.2,37.2,29.76,81.84,96.72
4/15/2000,2000,4,43.2,57.6,100.8,57.6,50.4,72,28.8,64.8,64.8,72,79.2,79.2,79.2,93.6,64.8,100.8,108,100.8,100.8,64.8,93.6,86.4,43.2,93.6,72,93.6,57.6,93.6,100.8,64.8,86.4,79.2,79.2,64.8,28.8,64.8,79.2,79.2,50.4,64.8,72,72,72,57.6,115.2,122.4
5/15/2000,2000,5,14.88,22.32,37.2,29.76,14.88,44.64,14.88,44.64,66.96,81.84,96.72,89.28,96.72,37.2,29.76,37.2,37.2,44.64,37.2,37.2,44.64,44.64,14.88,44.64,44.64,44.64,44.64,44.64,44.64,52.08,74.4,59.52,89.28,44.64,0,37.2,37.2,37.2,14.88,37.2,37.2,37.2,37.2,29.76,29.76,29.76
6/15/2000,2000,6,7.2,7.2,21.6,7.2,7.2,21.6,0,14.4,14.4,7.2,14.4,14.4,14.4,21.6,14.4,21.6,21.6,21.6,21.6,14.4,21.6,21.6,14.4,21.6,21.6,21.6,14.4,21.6,14.4,14.4,14.4,14.4,14.4,14.4,0,7.2,14.4,14.4,14.4,21.6,21.6,14.4,14.4,14.4,7.2,21.6
7/15/2000,2000,7,0,0,7.44,0,0,0,0,0,0,0,0,0,0,7.44,14.88,7.44,7.44,7.44,7.44,0,7.44,0,0,7.44,0,7.44,0,0,0,0,0,0,0,0,0,0,0,0,0,0,0,0,0,0,14.88,7.44
8/15/2000,2000,8,7.44,7.44,0,0,0,7.44,0,7.44,7.44,0,0,0,0,0,0,7.44,0,0,0,7.44,0,0,0,0,0,0,0,0,0,0,0,0,0,0,0,0,7.44,7.44,0,7.44,0,0,0,0,7.44,7.44
9/15/2000,2000,9,7.2,7.2,50.4,7.2,7.2,14.4,0,14.4,21.6,28.8,36,28.8,36,43.2,36,57.6,43.2,57.6,57.6,7.2,50.4,21.6,7.2,43.2,14.4,50.4,7.2,36,21.6,21.6,28.8,21.6,28.8,7.2,0,7.2,7.2,7.2,7.2,14.4,14.4,14.4,14.4,7.2,14.4,43.2
10/15/2000,2000,10,44.64,59.52,126.48,89.28,52.08,96.72,81.84,81.84,96.72,126.48,126.48,126.48,126.48,119.04,74.4,126.48,111.6,133.92,126.48,59.52,126.48,96.72,66.96,126.48,81.84,133.92,74.4,126.48,119.04,96.72,126.48,111.6,126.48,81.84,14.88,81.84,74.4,74.4,59.52,81.84,96.72,104.16,104.16,89.28,81.84,104.16
11/15/2000,2000,11,14.4,14.4,57.6,14.4,7.2,21.6,14.4,28.8,50.4,50.4,72,64.8,72,57.6,36,64.8,50.4,72,57.6,14.4,64.8,50.4,7.2,64.8,43.2,72,43.2,64.8,64.8,57.6,79.2,64.8,79.2,43.2,7.2,43.2,21.6,21.6,14.4,21.6,21.6,21.6,21.6,14.4,57.6,50.4
12/15/2000,2000,12,37.2,37.2,66.96,7.44,22.32,14.88,7.44,22.32,44.64,52.08,66.96,66.96,74.4,66.96,37.2,74.4,74.4,74.4,66.96,22.32,66.96,59.52,7.44,66.96,44.64,74.4,37.2,66.96,66.96,52.08,81.84,66.96,81.84,44.64,14.88,44.64,44.64,44.64,22.32,14.88,14.88,14.88,14.88,7.44,81.84,74.4
1/15/2001,2001,1,89.28,111.6,148.8,119.04,89.28,148.8,89.28,126.48,126.48,141.36,148.8,148.8,148.8,163.68,52.08,126.48,186,133.92,156.24,104.16,148.8,171.12,89.28,148.8,163.68,141.36,156.24,163.68,186,96.72,141.36,148.8,133.92,163.68,66.96,156.24,119.04,119.04,96.72,133.92,156.24,156.24,156.24,126.48,119.04,163.68
2/15/2001,2001,2,100.8,127.68,194.88,94.08,100.8,168,94.08,134.4,141.12,161.28,181.44,188.16,194.88,201.6,87.36,174.72,221.76,181.44,201.6,127.68,188.16,188.16,87.36,194.88,161.28,188.16,147.84,201.6,228.48,141.12,201.6,201.6,188.16,181.44,73.92,208.32,141.12,141.12,107.52,168,174.72,168,168,114.24,161.28,208.32
3/15/2001,2001,3,29.76,37.2,81.84,66.96,29.76,96.72,44.64,81.84,74.4,74.4,74.4,74.4,81.84,89.28,52.08,81.84,89.28,89.28,81.84,66.96,89.28,96.72,29.76,89.28,104.16,89.28,104.16,81.84,81.84,66.96,89.28,81.84,81.84,81.84,22.32,59.52,52.08,52.08,29.76,96.72,96.72,96.72,96.72,74.4,96.72,81.84
4/15/2001,2001,4,79.2,93.6,93.6,72,72,115.2,36,100.8,122.4,122.4,144,136.8,144,79.2,57.6,93.6,72,108,93.6,100.8,93.6,50.4,72,93.6,36,100.8,28.8,93.6,86.4,72,100.8,93.6,122.4,28.8,36,28.8,122.4,122.4,86.4,108,108,108,108,79.2,72,72
5/15/2001,2001,5,7.44,7.44,0,0,0,0,0,7.44,0,0,0,0,0,0,7.44,0,0,0,0,7.44,0,0,0,0,0,0,0,0,7.44,7.44,7.44,7.44,7.44,0,0,0,7.44,7.44,0,7.44,0,0,0,0,7.44,0
6/15/2001,2001,6,0,0,28.8,0,0,0,0,0,7.2,0,7.2,7.2,7.2,21.6,21.6,28.8,28.8,28.8,28.8,0,21.6,21.6,0,21.6,14.4,21.6,14.4,14.4,14.4,7.2,7.2,7.2,7.2,7.2,0,7.2,0,0,0,0,0,0,0,0,28.8,36
7/15/2001,2001,7,7.44,7.44,0,0,7.44,14.88,0,14.88,7.44,0,0,0,0,0,7.44,0,0,0,0,22.32,0,0,7.44,0,0,0,0,0,0,7.44,7.44,0,7.44,0,0,0,14.88,14.88,7.44,22.32,7.44,7.44,7.44,7.44,14.88,0
8/15/2001,2001,8,0,0,0,0,0,0,0,7.44,7.44,0,0,0,0,0,0,0,0,0,0,0,0,0,0,0,0,0,0,0,0,0,0,0,0,0,0,0,0,0,0,7.44,0,0,0,0,0,0
9/15/2001,2001,9,0,0,21.6,7.2,0,7.2,0,7.2,7.2,7.2,14.4,14.4,14.4,21.6,21.6,28.8,14.4,21.6,21.6,7.2,21.6,14.4,0,21.6,14.4,21.6,14.4,14.4,14.4,14.4,14.4,14.4,14.4,7.2,0,7.2,0,0,0,7.2,7.2,7.2,7.2,7.2,28.8,21.6
10/15/2001,2001,10,14.88,14.88,44.64,14.88,14.88,22.32,7.44,22.32,22.32,22.32,22.32,22.32,22.32,44.64,22.32,52.08,37.2,52.08,44.64,14.88,52.08,37.2,14.88,52.08,29.76,52.08,29.76,52.08,52.08,29.76,37.2,29.76,29.76,29.76,7.44,29.76,22.32,22.32,14.88,22.32,22.32,22.32,22.32,14.88,29.76,37.2
11/15/2001,2001,11,79.2,93.6,230.4,100.8,72,165.6,64.8,136.8,144,151.2,172.8,172.8,180,230.4,129.6,223.2,288,223.2,237.6,100.8,223.2,252,79.2,223.2,230.4,216,201.6,208.8,208.8,172.8,237.6,201.6,208.8,216,43.2,194.4,115.2,115.2,86.4,144,158.4,158.4,158.4,115.2,237.6,273.6
12/15/2001,2001,12,111.6,141.36,297.6,163.68,111.6,238.08,133.92,208.32,238.08,267.84,305.04,305.04,319.92,305.04,141.36,275.28,342.24,290.16,305.04,141.36,297.6,290.16,119.04,305.04,245.52,297.6,215.76,312.48,334.8,245.52,357.12,334.8,327.36,275.28,52.08,305.04,178.56,178.56,133.92,200.88,230.64,238.08,238.08,171.12,252.96,327.36
1/15/2002,2002,1,37.2,52.08,148.8,52.08,37.2,74.4,37.2,66.96,74.4,89.28,104.16,104.16,111.6,148.8,66.96,141.36,171.12,148.8,148.8,52.08,148.8,148.8,37.2,156.24,133.92,156.24,111.6,156.24,163.68,111.6,156.24,141.36,126.48,119.04,22.32,111.6,66.96,66.96,44.64,66.96,74.4,74.4,74.4,59.52,133.92,156.24
2/15/2002,2002,2,26.88,33.6,80.64,26.88,20.16,47.04,26.88,47.04,80.64,87.36,107.52,100.8,107.52,80.64,53.76,87.36,100.8,87.36,87.36,26.88,80.64,73.92,13.44,80.64,53.76,80.64,40.32,80.64,80.64,60.48,94.08,80.64,100.8,40.32,6.72,26.88,40.32,40.32,26.88,33.6,40.32,40.32,40.32,26.88,100.8,100.8
3/15/2002,2002,3,59.52,74.4,89.28,59.52,52.08,96.72,52.08,96.72,148.8,163.68,193.44,186,200.88,89.28,52.08,89.28,66.96,104.16,81.84,66.96,96.72,52.08,52.08,104.16,44.64,119.04,37.2,119.04,126.48,111.6,186,163.68,193.44,44.64,22.32,52.08,96.72,96.72,66.96,81.84,89.28,89.28,89.28,66.96,66.96,59.52
4/15/2002,2002,4,21.6,28.8,64.8,14.4,21.6,43.2,7.2,36,43.2,36,50.4,43.2,50.4,50.4,57.6,79.2,43.2,86.4,64.8,36,72,28.8,14.4,64.8,21.6,72,14.4,57.6,43.2,50.4,57.6,43.2,57.6,14.4,14.4,7.2,36,36,21.6,43.2,36,36,36,21.6,64.8,43.2
5/15/2002,2002,5,14.88,22.32,29.76,22.32,14.88,44.64,14.88,37.2,44.64,52.08,59.52,59.52,59.52,37.2,22.32,29.76,37.2,29.76,29.76,29.76,29.76,29.76,14.88,29.76,22.32,37.2,14.88,37.2,44.64,29.76,44.64,52.08,52.08,22.32,7.44,29.76,29.76,29.76,14.88,37.2,44.64,44.64,44.64,29.76,29.76,37.2
6/15/2002,2002,6,0,0,0,0,0,0,0,0,0,0,0,0,0,0,7.2,0,0,0,0,7.2,0,0,7.2,0,0,0,0,0,0,0,0,0,0,0,0,0,0,0,0,7.2,0,0,0,0,7.2,7.2
7/15/2002,2002,7,0,0,0,0,0,0,0,0,0,0,0,0,0,0,0,0,0,0,0,0,0,0,0,0,0,0,0,0,0,0,0,0,0,0,0,0,0,0,0,0,0,0,0,0,0,0
8/15/2002,2002,8,0,0,0,0,0,0,0,0,0,0,0,0,0,0,0,0,0,0,0,0,0,0,0,0,0,0,0,0,0,0,0,0,0,0,0,0,0,0,0,0,0,0,0,0,0,0
9/15/2002,2002,9,0,0,0,0,0,7.2,0,7.2,0,0,0,0,0,0,0,0,0,0,0,0,0,0,0,0,0,0,0,0,0,0,0,0,0,0,0,0,0,0,0,7.2,7.2,7.2,7.2,0,0,0
10/15/2002,2002,10,0,7.44,0,0,0,0,0,0,0,0,0,0,0,0,0,0,0,0,0,0,0,0,0,0,0,0,0,0,0,0,0,0,0,0,0,0,7.44,7.44,0,0,0,0,0,0,7.44,0
11/15/2002,2002,11,136.8,151.2,136.8,100.8,100.8,165.6,72,136.8,129.6,122.4,136.8,129.6,144,122.4,79.2,144,115.2,151.2,129.6,144,136.8,108,79.2,136.8,100.8,144,86.4,136.8,122.4,136.8,201.6,151.2,172.8,93.6,64.8,93.6,180,180,115.2,158.4,165.6,165.6,165.6,115.2,136.8,115.2
12/15/2002,2002,12,104.16,126.48,505.92,156.24,96.72,238.08,163.68,208.32,245.52,275.28,312.48,319.92,334.8,491.04,230.64,505.92,565.44,513.36,513.36,133.92,505.92,468.72,89.28,505.92,386.88,505.92,319.92,505.92,528.24,364.56,461.28,416.64,379.44,416.64,59.52,468.72,148.8,148.8,104.16,200.88,230.64,238.08,238.08,171.12,528.24,558
1/15/2003,2003,1,14.88,22.32,186,22.32,14.88,22.32,22.32,29.76,29.76,37.2,37.2,44.64,52.08,178.56,89.28,186,193.44,193.44,186,14.88,186,163.68,7.44,178.56,141.36,186,111.6,178.56,186,126.48,133.92,119.04,81.84,111.6,7.44,89.28,22.32,22.32,14.88,14.88,22.32,22.32,22.32,22.32,148.8,186
2/15/2003,2003,2,87.36,100.8,73.92,40.32,73.92,73.92,33.6,60.48,67.2,73.92,80.64,80.64,80.64,73.92,40.32,73.92,73.92,73.92,67.2,80.64,73.92,73.92,53.76,73.92,73.92,80.64,60.48,80.64,80.64,53.76,80.64,73.92,80.64,60.48,60.48,53.76,107.52,107.52,80.64,80.64,80.64,73.92,73.92,53.76,67.2,67.2
3/15/2003,2003,3,52.08,66.96,163.68,44.64,44.64,66.96,29.76,59.52,74.4,81.84,96.72,96.72,104.16,141.36,104.16,186,126.48,193.44,156.24,66.96,171.12,111.6,37.2,163.68,96.72,178.56,81.84,156.24,133.92,119.04,133.92,119.04,111.6,81.84,22.32,74.4,81.84,81.84,52.08,59.52,66.96,66.96,66.96,44.64,148.8,126.48
4/15/2003,2003,4,72,86.4,237.6,100.8,72,158.4,64.8,144,208.8,237.6,288,280.8,295.2,223.2,129.6,244.8,223.2,259.2,230.4,86.4,244.8,187.2,86.4,244.8,158.4,259.2,122.4,244.8,244.8,201.6,252,230.4,273.6,144,36,136.8,115.2,115.2,86.4,136.8,158.4,158.4,158.4,108,201.6,216
5/15/2003,2003,5,37.2,44.64,59.52,37.2,37.2,66.96,22.32,52.08,44.64,44.64,52.08,52.08,52.08,52.08,44.64,59.52,29.76,66.96,52.08,59.52,59.52,37.2,37.2,59.52,37.2,66.96,37.2,66.96,66.96,52.08,66.96,59.52,59.52,37.2,14.88,29.76,66.96,66.96,44.64,66.96,66.96,59.52,59.52,44.64,37.2,29.76
6/15/2003,2003,6,0,0,0,0,0,0,0,0,0,0,0,0,0,0,7.2,0,0,0,0,0,0,0,0,0,0,0,0,0,0,0,7.2,0,7.2,0,0,0,0,0,0,0,0,0,0,0,0,0
7/15/2003,2003,7,14.88,14.88,0,0,7.44,14.88,0,14.88,7.44,0,0,0,0,0,7.44,0,0,0,0,22.32,0,0,0,0,0,0,0,0,0,0,0,0,0,0,7.44,0,14.88,14.88,7.44,22.32,7.44,7.44,7.44,7.44,14.88,0
8/15/2003,2003,8,14.88,7.44,22.32,14.88,7.44,22.32,7.44,22.32,22.32,22.32,29.76,29.76,29.76,22.32,22.32,22.32,22.32,29.76,22.32,14.88,22.32,14.88,0,22.32,14.88,29.76,14.88,29.76,29.76,29.76,37.2,29.76,37.2,7.44,7.44,7.44,14.88,14.88,7.44,14.88,14.88,14.88,14.88,14.88,29.76,22.32
9/15/2003,2003,9,7.2,7.2,0,0,0,0,0,0,7.2,7.2,7.2,7.2,7.2,0,7.2,7.2,0,0,0,7.2,0,0,0,0,0,0,0,0,0,0,0,0,7.2,0,7.2,0,0,0,0,0,0,0,0,0,7.2,0
10/15/2003,2003,10,0,0,0,0,0,0,0,0,0,0,0,0,0,0,0,0,0,0,0,0,0,0,0,0,7.44,0,7.44,0,0,0,7.44,7.44,0,0,0,0,0,0,0,0,0,0,0,0,7.44,0
11/15/2003,2003,11,36,43.2,129.6,36,28.8,57.6,50.4,57.6,72,72,86.4,86.4,93.6,129.6,79.2,122.4,172.8,122.4,136.8,50.4,122.4,151.2,28.8,122.4,136.8,108,115.2,108,108,72,100.8,86.4,93.6,108,14.4,79.2,50.4,50.4,36,50.4,50.4,50.4,50.4,36,151.2,172.8
12/15/2003,2003,12,111.6,141.36,349.68,148.8,104.16,215.76,119.04,200.88,260.4,290.16,334.8,327.36,349.68,342.24,178.56,342.24,364.56,357.12,349.68,119.04,357.12,342.24,104.16,357.12,319.92,364.56,297.6,357.12,357.12,290.16,394.32,334.8,364.56,334.8,59.52,319.92,171.12,171.12,126.48,163.68,208.32,215.76,215.76,163.68,252.96,327.36
1/15/2004,2004,1,52.08,59.52,126.48,44.64,44.64,74.4,52.08,66.96,81.84,89.28,104.16,111.6,111.6,126.48,66.96,126.48,148.8,133.92,126.48,52.08,133.92,133.92,37.2,133.92,119.04,133.92,96.72,141.36,156.24,96.72,148.8,133.92,126.48,96.72,22.32,96.72,74.4,74.4,52.08,66.96,74.4,74.4,74.4,52.08,148.8,148.8
2/15/2004,2004,2,111.36,132.24,334.08,125.28,97.44,180.96,111.36,160.08,180.96,201.84,229.68,236.64,243.6,327.12,180.96,341.04,348,348,341.04,125.28,334.08,292.32,97.44,334.08,250.56,334.08,215.76,320.16,320.16,243.6,299.28,271.44,264.48,250.56,69.6,257.52,153.12,153.12,111.36,160.08,180.96,180.96,180.96,132.24,278.4,341.04
3/15/2004,2004,3,29.76,29.76,52.08,22.32,22.32,37.2,14.88,37.2,37.2,37.2,37.2,37.2,37.2,44.64,29.76,52.08,52.08,52.08,44.64,29.76,52.08,52.08,29.76,52.08,52.08,52.08,44.64,44.64,44.64,29.76,44.64,44.64,44.64,37.2,7.44,22.32,44.64,44.64,29.76,29.76,29.76,29.76,29.76,22.32,74.4,52.08
4/15/2004,2004,4,14.4,21.6,50.4,0,7.2,14.4,7.2,7.2,7.2,7.2,14.4,14.4,14.4,43.2,36,50.4,50.4,57.6,50.4,21.6,50.4,36,7.2,43.2,28.8,43.2,14.4,36,28.8,21.6,36,28.8,28.8,21.6,0,14.4,28.8,28.8,14.4,21.6,14.4,14.4,14.4,7.2,64.8,57.6
5/15/2004,2004,5,7.44,7.44,44.64,7.44,0,22.32,0,22.32,14.88,7.44,7.44,7.44,14.88,29.76,52.08,59.52,14.88,59.52,44.64,14.88,44.64,14.88,7.44,44.64,7.44,52.08,7.44,44.64,29.76,37.2,29.76,22.32,22.32,7.44,0,0,7.44,7.44,0,22.32,14.88,14.88,14.88,14.88,29.76,22.32
6/15/2004,2004,6,0,0,7.2,0,0,7.2,0,0,0,0,0,0,0,7.2,7.2,7.2,7.2,7.2,7.2,0,7.2,7.2,0,0,0,0,0,0,0,7.2,7.2,7.2,7.2,0,0,0,0,0,0,7.2,7.2,7.2,7.2,0,7.2,7.2
7/15/2004,2004,7,0,0,0,0,0,7.44,0,0,0,0,0,0,0,0,7.44,0,0,0,0,7.44,0,0,0,0,0,0,0,0,0,0,0,0,0,0,0,0,0,0,0,7.44,0,0,0,0,7.44,0
8/15/2004,2004,8,0,0,0,0,0,7.44,0,7.44,7.44,0,0,0,0,0,7.44,0,0,0,0,7.44,0,0,0,0,0,0,0,0,0,0,0,0,0,0,0,0,0,0,0,7.44,7.44,7.44,7.44,0,7.44,0
9/15/2004,2004,9,0,0,7.2,0,0,0,7.2,0,7.2,7.2,7.2,7.2,7.2,7.2,7.2,14.4,0,14.4,7.2,0,7.2,0,0,7.2,0,14.4,0,7.2,0,7.2,7.2,7.2,7.2,0,0,0,0,0,0,0,0,0,0,0,0,0
10/15/2004,2004,10,74.4,89.28,141.36,141.36,74.4,200.88,74.4,163.68,163.68,178.56,200.88,186,193.44,133.92,104.16,141.36,126.48,148.8,133.92,111.6,148.8,111.6,89.28,148.8,104.16,156.24,96.72,156.24,156.24,119.04,156.24,148.8,178.56,104.16,52.08,104.16,104.16,104.16,81.84,178.56,200.88,200.88,200.88,156.24,148.8,133.92
11/15/2004,2004,11,28.8,36,57.6,43.2,21.6,64.8,36,64.8,79.2,79.2,93.6,93.6,93.6,57.6,50.4,50.4,72,50.4,57.6,64.8,57.6,72,28.8,57.6,72,50.4,72,50.4,43.2,57.6,79.2,72,86.4,72,7.2,64.8,50.4,50.4,28.8,72,57.6,57.6,57.6,43.2,57.6,64.8
12/15/2004,2004,12,89.28,111.6,230.64,126.48,89.28,163.68,111.6,148.8,186,208.32,238.08,230.64,238.08,238.08,111.6,200.88,312.48,200.88,238.08,111.6,215.76,282.72,81.84,215.76,252.96,200.88,238.08,215.76,238.08,178.56,252.96,230.64,238.08,267.84,59.52,267.84,119.04,119.04,96.72,141.36,156.24,163.68,163.68,133.92,260.4,305.04
1/15/2005,2005,1,163.68,193.44,171.12,208.32,141.36,327.36,96.72,267.84,275.28,282.72,327.36,297.6,312.48,178.56,81.84,163.68,186,171.12,171.12,200.88,178.56,186,133.92,186,186,178.56,186,178.56,186,156.24,230.64,215.76,282.72,178.56,104.16,163.68,215.76,215.76,156.24,297.6,319.92,319.92,319.92,230.64,156.24,171.12
2/15/2005,2005,2,80.64,94.08,107.52,100.8,73.92,141.12,107.52,114.24,127.68,141.12,147.84,141.12,141.12,107.52,53.76,100.8,114.24,107.52,107.52,94.08,107.52,114.24,73.92,107.52,114.24,107.52,107.52,100.8,94.08,67.2,107.52,100.8,127.68,114.24,53.76,114.24,100.8,100.8,80.64,127.68,147.84,147.84,147.84,114.24,87.36,100.8
3/15/2005,2005,3,96.72,119.04,163.68,141.36,96.72,193.44,81.84,171.12,215.76,238.08,282.72,260.4,282.72,163.68,89.28,163.68,171.12,171.12,163.68,119.04,171.12,156.24,104.16,171.12,141.36,178.56,126.48,178.56,178.56,156.24,252.96,215.76,267.84,148.8,44.64,148.8,148.8,148.8,111.6,163.68,186,186,186,141.36,156.24,163.68
4/15/2005,2005,4,43.2,50.4,100.8,36,36,57.6,36,50.4,64.8,64.8,79.2,79.2,79.2,93.6,79.2,115.2,93.6,122.4,100.8,50.4,108,79.2,28.8,100.8,72,108,57.6,93.6,86.4,72,86.4,72,79.2,57.6,28.8,50.4,57.6,57.6,43.2,50.4,50.4,50.4,50.4,36,108,93.6
5/15/2005,2005,5,52.08,66.96,200.88,74.4,59.52,141.36,22.32,111.6,111.6,119.04,141.36,133.92,141.36,186,141.36,208.32,178.56,215.76,200.88,104.16,200.88,141.36,74.4,193.44,111.6,200.88,96.72,193.44,193.44,156.24,193.44,156.24,163.68,111.6,29.76,119.04,96.72,96.72,66.96,133.92,133.92,133.92,133.92,89.28,156.24,186
6/15/2005,2005,6,0,0,50.4,0,0,7.2,7.2,14.4,28.8,36,50.4,50.4,57.6,50.4,36,50.4,50.4,57.6,50.4,7.2,57.6,43.2,0,57.6,36,57.6,28.8,57.6,57.6,50.4,57.6,50.4,57.6,28.8,0,21.6,0,0,0,7.2,0,0,0,0,50.4,50.4
7/15/2005,2005,7,0,0,0,0,0,0,0,0,0,0,0,0,0,0,0,0,0,0,0,7.44,0,0,0,0,0,0,0,0,0,0,0,0,0,0,0,0,0,0,0,7.44,0,0,0,0,0,0
8/15/2005,2005,8,7.44,7.44,0,0,0,7.44,0,7.44,7.44,0,0,0,0,0,0,0,0,0,0,7.44,0,0,0,0,0,0,0,0,0,0,0,0,0,0,7.44,0,7.44,7.44,0,14.88,7.44,7.44,7.44,0,0,0
9/15/2005,2005,9,14.4,7.2,7.2,7.2,7.2,14.4,0,14.4,21.6,21.6,21.6,21.6,21.6,0,7.2,7.2,0,7.2,0,14.4,7.2,0,0,7.2,0,7.2,0,7.2,0,7.2,14.4,7.2,21.6,0,7.2,0,7.2,7.2,7.2,14.4,14.4,14.4,14.4,7.2,0,0
10/15/2005,2005,10,22.32,14.88,29.76,7.44,14.88,14.88,0,14.88,22.32,14.88,22.32,22.32,22.32,22.32,29.76,29.76,22.32,29.76,22.32,14.88,29.76,22.32,7.44,29.76,22.32,37.2,22.32,37.2,37.2,29.76,44.64,29.76,29.76,22.32,22.32,22.32,14.88,14.88,7.44,14.88,14.88,14.88,14.88,7.44,29.76,22.32
11/15/2005,2005,11,14.4,7.2,165.6,7.2,7.2,36,14.4,36,50.4,50.4,72,72,79.2,158.4,129.6,187.2,172.8,180,172.8,14.4,165.6,151.2,7.2,165.6,136.8,165.6,115.2,151.2,144,108,122.4,100.8,100.8,100.8,7.2,79.2,14.4,14.4,7.2,28.8,28.8,28.8,28.8,14.4,201.6,180
12/15/2005,2005,12,104.16,126.48,498.48,186,89.28,305.04,126.48,290.16,364.56,379.44,453.84,468.72,498.48,498.48,260.4,491.04,491.04,520.8,491.04,163.68,520.8,453.84,104.16,528.24,424.08,550.56,386.88,550.56,580.32,461.28,639.84,558,550.56,453.84,44.64,461.28,163.68,163.68,111.6,252.96,275.28,282.72,282.72,193.44,446.4,468.72
1/15/2006,2006,1,119.04,163.68,245.52,133.92,133.92,200.88,89.28,186,215.76,215.76,252.96,238.08,260.4,238.08,133.92,260.4,260.4,260.4,252.96,171.12,252.96,215.76,141.36,252.96,178.56,260.4,133.92,245.52,252.96,193.44,267.84,230.64,260.4,156.24,52.08,148.8,208.32,208.32,156.24,193.44,208.32,200.88,200.88,148.8,260.4,267.84
2/15/2006,2006,2,53.76,67.2,174.72,40.32,47.04,87.36,47.04,87.36,107.52,100.8,120.96,120.96,134.4,161.28,100.8,188.16,141.12,194.88,168,73.92,181.44,127.68,40.32,181.44,114.24,188.16,107.52,174.72,168,147.84,168,141.12,147.84,120.96,20.16,120.96,87.36,87.36,53.76,87.36,87.36,80.64,80.64,53.76,141.12,141.12
3/15/2006,2006,3,119.04,163.68,305.04,171.12,133.92,252.96,126.48,215.76,275.28,327.36,372,364.56,372,297.6,148.8,305.04,282.72,327.36,297.6,156.24,319.92,260.4,148.8,334.8,238.08,349.68,215.76,349.68,364.56,245.52,319.92,305.04,342.24,252.96,66.96,260.4,193.44,193.44,156.24,215.76,252.96,252.96,252.96,186,215.76,252.96
4/15/2006,2006,4,93.6,136.8,259.2,165.6,122.4,280.8,86.4,223.2,259.2,295.2,345.6,331.2,345.6,252,129.6,252,216,280.8,259.2,180,266.4,187.2,180,266.4,165.6,280.8,158.4,273.6,273.6,223.2,288,266.4,316.8,180,50.4,180,187.2,187.2,151.2,266.4,280.8,273.6,273.6,194.4,158.4,201.6
5/15/2006,2006,5,14.88,14.88,44.64,37.2,14.88,37.2,14.88,37.2,37.2,44.64,44.64,44.64,44.64,44.64,29.76,37.2,59.52,37.2,52.08,37.2,37.2,44.64,14.88,37.2,29.76,29.76,22.32,29.76,29.76,29.76,37.2,29.76,37.2,22.32,7.44,22.32,29.76,29.76,14.88,37.2,29.76,37.2,37.2,29.76,52.08,66.96
6/15/2006,2006,6,0,0,7.2,0,0,0,0,0,0,0,0,0,0,7.2,14.4,7.2,14.4,7.2,7.2,7.2,7.2,14.4,0,7.2,14.4,7.2,7.2,7.2,7.2,7.2,7.2,7.2,7.2,7.2,0,0,7.2,7.2,0,0,0,0,0,0,14.4,14.4
7/15/2006,2006,7,7.44,7.44,0,0,0,14.88,0,7.44,7.44,0,0,0,0,0,0,0,0,0,0,14.88,0,0,0,0,0,0,0,0,0,0,0,0,0,0,0,0,7.44,7.44,0,14.88,7.44,7.44,7.44,0,0,0
8/15/2006,2006,8,0,0,0,0,0,0,0,0,0,0,0,0,0,0,7.44,0,0,0,0,0,0,0,0,0,0,0,0,0,0,0,0,0,0,0,0,0,0,0,0,0,0,0,0,0,7.44,0
9/15/2006,2006,9,0,0,0,0,0,0,0,0,0,0,0,0,0,0,0,0,0,0,0,0,0,0,0,0,0,0,0,0,0,0,0,0,0,0,0,0,0,0,0,0,0,0,0,0,0,0
10/15/2006,2006,10,14.88,14.88,7.44,14.88,7.44,22.32,7.44,22.32,22.32,14.88,22.32,14.88,22.32,0,14.88,7.44,0,7.44,7.44,22.32,7.44,7.44,7.44,7.44,7.44,7.44,7.44,0,0,7.44,14.88,7.44,22.32,7.44,7.44,7.44,14.88,14.88,7.44,22.32,22.32,22.32,22.32,14.88,7.44,7.44
11/15/2006,2006,11,7.2,7.2,129.6,28.8,7.2,43.2,36,43.2,72,79.2,93.6,93.6,108,122.4,86.4,144,136.8,144,129.6,14.4,136.8,115.2,7.2,136.8,100.8,136.8,79.2,122.4,115.2,100.8,136.8,115.2,122.4,86.4,0,79.2,14.4,14.4,7.2,28.8,36,43.2,43.2,28.8,158.4,144
12/15/2006,2006,12,66.96,81.84,200.88,81.84,59.52,119.04,59.52,104.16,119.04,141.36,156.24,156.24,163.68,200.88,96.72,200.88,223.2,208.32,200.88,74.4,200.88,193.44,52.08,208.32,171.12,208.32,148.8,200.88,215.76,133.92,186,171.12,171.12,163.68,37.2,156.24,96.72,96.72,66.96,104.16,119.04,119.04,119.04,89.28,223.2,223.2
1/15/2007,2007,1,29.76,37.2,29.76,22.32,22.32,29.76,22.32,29.76,44.64,44.64,52.08,44.64,52.08,22.32,22.32,29.76,29.76,29.76,29.76,29.76,29.76,22.32,14.88,29.76,22.32,29.76,14.88,29.76,22.32,29.76,59.52,44.64,59.52,14.88,22.32,0,37.2,37.2,22.32,22.32,22.32,22.32,22.32,22.32,59.52,29.76
2/15/2007,2007,2,87.36,114.24,255.36,100.8,80.64,147.84,94.08,141.12,215.04,248.64,295.68,295.68,309.12,241.92,134.4,262.08,228.48,275.52,248.64,100.8,268.8,201.6,80.64,275.52,181.44,288.96,161.28,282.24,295.68,235.2,336,295.68,315.84,194.88,40.32,188.16,134.4,134.4,100.8,120.96,141.12,147.84,147.84,107.52,208.32,215.04
3/15/2007,2007,3,37.2,37.2,29.76,14.88,29.76,22.32,7.44,22.32,29.76,29.76,37.2,29.76,37.2,22.32,29.76,44.64,14.88,44.64,29.76,37.2,37.2,14.88,29.76,37.2,22.32,44.64,14.88,37.2,37.2,29.76,44.64,29.76,37.2,14.88,14.88,0,52.08,52.08,37.2,29.76,22.32,22.32,22.32,14.88,44.64,14.88
4/15/2007,2007,4,43.2,43.2,72,28.8,28.8,43.2,21.6,43.2,64.8,72,86.4,86.4,86.4,72,50.4,72,72,86.4,72,50.4,79.2,64.8,21.6,79.2,57.6,79.2,50.4,79.2,79.2,64.8,79.2,79.2,86.4,57.6,21.6,50.4,57.6,57.6,36,36,36,36,36,28.8,57.6,64.8
5/15/2007,2007,5,7.44,7.44,29.76,7.44,0,14.88,0,14.88,22.32,22.32,29.76,29.76,29.76,22.32,14.88,29.76,22.32,29.76,22.32,7.44,29.76,14.88,0,29.76,14.88,29.76,7.44,29.76,29.76,29.76,37.2,29.76,37.2,14.88,0,14.88,7.44,7.44,7.44,7.44,7.44,7.44,7.44,7.44,22.32,22.32
6/15/2007,2007,6,0,0,7.2,0,0,0,0,0,0,0,7.2,7.2,7.2,7.2,14.4,7.2,0,7.2,7.2,0,7.2,0,0,7.2,0,14.4,0,14.4,14.4,14.4,21.6,14.4,14.4,0,0,0,0,0,0,0,0,0,0,0,7.2,7.2
7/15/2007,2007,7,0,0,22.32,0,0,0,0,0,0,0,0,0,0,22.32,14.88,29.76,22.32,22.32,22.32,7.44,22.32,14.88,0,22.32,14.88,22.32,7.44,14.88,7.44,7.44,0,0,0,7.44,0,0,0,0,0,0,0,0,0,0,22.32,29.76
8/15/2007,2007,8,7.44,0,0,0,0,7.44,0,7.44,7.44,0,0,0,0,0,0,0,0,0,0,7.44,0,0,0,0,0,0,0,0,0,0,0,0,0,0,0,0,0,0,0,7.44,7.44,7.44,7.44,0,7.44,0
9/15/2007,2007,9,7.2,7.2,21.6,7.2,7.2,14.4,7.2,14.4,14.4,7.2,7.2,7.2,14.4,14.4,21.6,28.8,7.2,28.8,14.4,14.4,21.6,7.2,7.2,21.6,7.2,28.8,7.2,28.8,28.8,21.6,21.6,21.6,14.4,7.2,7.2,7.2,7.2,7.2,7.2,14.4,14.4,14.4,14.4,7.2,7.2,7.2
10/15/2007,2007,10,14.88,14.88,96.72,22.32,14.88,22.32,22.32,22.32,29.76,44.64,44.64,52.08,52.08,89.28,74.4,111.6,96.72,104.16,96.72,14.88,96.72,74.4,14.88,96.72,59.52,96.72,44.64,89.28,81.84,74.4,96.72,74.4,66.96,59.52,7.44,59.52,22.32,22.32,14.88,14.88,22.32,22.32,22.32,22.32,126.48,104.16
11/15/2007,2007,11,7.2,0,36,7.2,0,21.6,14.4,28.8,43.2,28.8,43.2,36,43.2,28.8,28.8,50.4,28.8,43.2,36,7.2,36,14.4,0,28.8,7.2,36,7.2,21.6,7.2,21.6,50.4,28.8,50.4,21.6,0,28.8,0,0,0,21.6,21.6,21.6,21.6,7.2,43.2,36
12/15/2007,2007,12,89.28,111.6,156.24,89.28,81.84,104.16,37.2,104.16,141.36,156.24,178.56,178.56,186,163.68,81.84,148.8,171.12,156.24,156.24,89.28,156.24,178.56,74.4,163.68,178.56,163.68,171.12,171.12,186,111.6,171.12,163.68,171.12,148.8,29.76,111.6,141.36,141.36,104.16,81.84,89.28,96.72,96.72,81.84,156.24,163.68
1/15/2008,2008,1,133.92,171.12,282.72,186,133.92,252.96,133.92,223.2,215.76,215.76,230.64,238.08,238.08,282.72,126.48,275.28,305.04,282.72,282.72,193.44,282.72,312.48,126.48,297.6,319.92,282.72,319.92,275.28,275.28,208.32,260.4,252.96,245.52,334.8,66.96,327.36,208.32,208.32,148.8,238.08,238.08,245.52,245.52,193.44,252.96,282.72
2/15/2008,2008,2,76.56,76.56,97.44,90.48,62.64,132.24,48.72,118.32,90.48,104.4,111.36,104.4,111.36,97.44,55.68,97.44,111.36,104.4,97.44,132.24,97.44,97.44,83.52,104.4,90.48,104.4,69.6,104.4,104.4,62.64,90.48,83.52,97.44,97.44,27.84,83.52,118.32,118.32,76.56,132.24,125.28,125.28,125.28,90.48,97.44,90.48
3/15/2008,2008,3,52.08,44.64,44.64,29.76,29.76,66.96,7.44,52.08,52.08,52.08,66.96,59.52,59.52,37.2,37.2,52.08,52.08,59.52,44.64,74.4,52.08,59.52,22.32,44.64,59.52,52.08,29.76,52.08,52.08,52.08,59.52,52.08,59.52,59.52,14.88,44.64,81.84,81.84,37.2,66.96,59.52,52.08,52.08,37.2,81.84,44.64
4/15/2008,2008,4,43.2,28.8,50.4,21.6,21.6,50.4,7.2,43.2,36,36,43.2,36,36,28.8,28.8,43.2,36,79.2,36,72,50.4,36,14.4,36,21.6,43.2,7.2,36,36,28.8,21.6,14.4,28.8,36,7.2,7.2,64.8,64.8,21.6,57.6,36,28.8,28.8,21.6,165.6,28.8
5/15/2008,2008,5,22.32,14.88,29.76,7.44,7.44,44.64,0,52.08,29.76,14.88,22.32,22.32,22.32,14.88,44.64,29.76,14.88,37.2,22.32,81.84,29.76,7.44,14.88,14.88,0,22.32,0,22.32,22.32,29.76,29.76,22.32,22.32,14.88,7.44,0,44.64,44.64,14.88,59.52,22.32,22.32,22.32,14.88,66.96,22.32
6/15/2008,2008,6,0,0,7.2,0,0,7.2,0,7.2,7.2,7.2,7.2,7.2,7.2,0,14.4,14.4,0,7.2,7.2,14.4,7.2,0,0,7.2,0,7.2,0,7.2,7.2,7.2,0,0,7.2,7.2,0,0,7.2,7.2,0,14.4,7.2,7.2,7.2,0,0,0
7/15/2008,2008,7,7.44,7.44,0,0,0,7.44,0,7.44,7.44,0,0,0,0,0,7.44,0,0,0,0,14.88,0,0,0,0,0,0,0,0,0,7.44,0,0,7.44,7.44,0,0,7.44,7.44,0,7.44,7.44,7.44,7.44,0,0,0
8/15/2008,2008,8,0,0,7.44,0,0,0,0,0,0,0,0,0,0,7.44,14.88,14.88,7.44,7.44,7.44,7.44,7.44,0,0,7.44,0,7.44,0,0,0,0,0,0,7.44,7.44,0,0,0,0,0,7.44,0,0,0,0,14.88,7.44
9/15/2008,2008,9,7.2,7.2,0,0,7.2,7.2,0,7.2,7.2,0,7.2,7.2,7.2,0,14.4,0,0,0,0,7.2,0,0,0,0,0,0,0,0,0,0,0,0,7.2,7.2,0,7.2,7.2,7.2,7.2,7.2,7.2,7.2,7.2,0,0,0
10/15/2008,2008,10,14.88,14.88,66.96,14.88,7.44,22.32,22.32,22.32,29.76,37.2,37.2,44.64,44.64,66.96,52.08,74.4,59.52,74.4,66.96,14.88,74.4,44.64,7.44,74.4,37.2,81.84,29.76,66.96,66.96,44.64,44.64,37.2,44.64,59.52,7.44,22.32,14.88,14.88,7.44,22.32,22.32,22.32,22.32,14.88,66.96,74.4
11/15/2008,2008,11,72,50.4,108,72,36,108,36,100.8,115.2,115.2,129.6,122.4,129.6,86.4,72,108,100.8,136.8,100.8,93.6,115.2,86.4,50.4,100.8,79.2,136.8,64.8,122.4,115.2,108,151.2,136.8,144,122.4,36,100.8,79.2,79.2,43.2,100.8,100.8,108,108,79.2,144,115.2
12/15/2008,2008,12,74.4,81.84,104.16,74.4,59.52,104.16,44.64,81.84,96.72,96.72,119.04,111.6,119.04,96.72,59.52,96.72,111.6,111.6,104.16,74.4,104.16,89.28,59.52,104.16,81.84,119.04,59.52,111.6,126.48,81.84,104.16,96.72,111.6,96.72,44.64,44.64,96.72,96.72,66.96,96.72,89.28,96.72,96.72,81.84,89.28,96.72
1/15/2009,2009,1,66.96,66.96,66.96,89.28,44.64,119.04,74.4,119.04,111.6,104.16,141.36,126.48,126.48,59.52,52.08,66.96,81.84,81.84,66.96,89.28,74.4,66.96,44.64,59.52,59.52,74.4,44.64,89.28,96.72,66.96,111.6,111.6,119.04,133.92,22.32,74.4,104.16,104.16,52.08,104.16,111.6,96.72,96.72,81.84,133.92,74.4
2/15/2009,2009,2,73.92,100.8,215.04,94.08,80.64,134.4,100.8,120.96,134.4,154.56,154.56,161.28,161.28,215.04,114.24,215.04,201.6,221.76,215.04,100.8,221.76,194.88,80.64,215.04,188.16,221.76,181.44,215.04,215.04,141.12,154.56,154.56,161.28,201.6,53.76,194.88,114.24,114.24,80.64,120.96,127.68,134.4,134.4,107.52,181.44,194.88
3/15/2009,2009,3,59.52,44.64,111.6,66.96,29.76,111.6,52.08,119.04,119.04,111.6,126.48,126.48,133.92,96.72,89.28,126.48,96.72,141.36,104.16,89.28,126.48,96.72,29.76,111.6,89.28,133.92,74.4,133.92,141.36,119.04,156.24,126.48,133.92,133.92,14.88,96.72,89.28,89.28,44.64,81.84,81.84,89.28,89.28,66.96,200.88,96.72
4/15/2009,2009,4,36,36,50.4,36,28.8,64.8,21.6,64.8,57.6,50.4,64.8,57.6,57.6,28.8,43.2,43.2,28.8,79.2,28.8,86.4,50.4,28.8,28.8,36,21.6,50.4,14.4,43.2,36,36,57.6,43.2,50.4,57.6,14.4,28.8,64.8,64.8,28.8,79.2,43.2,43.2,43.2,36,144,28.8
5/15/2009,2009,5,14.88,14.88,66.96,22.32,14.88,66.96,7.44,81.84,66.96,52.08,66.96,66.96,81.84,59.52,66.96,66.96,66.96,74.4,59.52,59.52,66.96,44.64,22.32,59.52,37.2,66.96,22.32,66.96,74.4,81.84,111.6,89.28,96.72,52.08,7.44,44.64,22.32,22.32,22.32,52.08,22.32,22.32,22.32,22.32,89.28,59.52
6/15/2009,2009,6,7.2,7.2,64.8,7.2,7.2,21.6,0,21.6,14.4,14.4,14.4,14.4,14.4,57.6,57.6,72,43.2,64.8,72,28.8,57.6,43.2,7.2,57.6,43.2,50.4,36,43.2,36,36,21.6,21.6,14.4,21.6,0,7.2,14.4,14.4,7.2,21.6,21.6,14.4,14.4,14.4,57.6,50.4
7/15/2009,2009,7,0,0,0,0,0,7.44,0,7.44,7.44,0,0,0,0,0,7.44,0,0,0,0,7.44,0,0,0,0,0,0,0,0,0,0,0,0,0,0,0,0,0,0,0,7.44,0,0,0,0,0,0
8/15/2009,2009,8,0,0,7.44,0,0,7.44,0,7.44,7.44,0,7.44,0,7.44,7.44,14.88,7.44,7.44,7.44,7.44,7.44,7.44,0,0,7.44,0,7.44,0,0,0,7.44,7.44,0,7.44,7.44,0,0,0,0,0,7.44,0,0,0,0,7.44,7.44
9/15/2009,2009,9,7.2,7.2,7.2,7.2,0,7.2,14.4,7.2,7.2,14.4,14.4,14.4,14.4,7.2,7.2,7.2,7.2,7.2,7.2,7.2,7.2,7.2,0,7.2,7.2,7.2,7.2,7.2,7.2,7.2,7.2,7.2,7.2,21.6,0,14.4,7.2,7.2,7.2,7.2,7.2,7.2,7.2,7.2,7.2,7.2
10/15/2009,2009,10,22.32,29.76,81.84,52.08,22.32,66.96,52.08,74.4,74.4,74.4,81.84,89.28,96.72,74.4,66.96,89.28,81.84,89.28,74.4,66.96,81.84,81.84,37.2,89.28,81.84,96.72,81.84,96.72,96.72,89.28,111.6,104.16,104.16,126.48,7.44,119.04,37.2,37.2,29.76,66.96,59.52,59.52,59.52,52.08,89.28,89.28
11/15/2009,2009,11,28.8,28.8,72,36,21.6,57.6,21.6,43.2,50.4,50.4,64.8,57.6,64.8,64.8,57.6,86.4,72,86.4,79.2,36,79.2,64.8,21.6,72,57.6,79.2,43.2,64.8,64.8,50.4,64.8,57.6,64.8,86.4,7.2,57.6,43.2,43.2,28.8,50.4,57.6,57.6,57.6,36,86.4,72
12/15/2009,2009,12,89.28,89.28,126.48,96.72,74.4,141.36,52.08,111.6,119.04,126.48,141.36,133.92,141.36,126.48,66.96,119.04,126.48,126.48,126.48,111.6,126.48,111.6,81.84,126.48,96.72,126.48,74.4,126.48,133.92,111.6,148.8,133.92,148.8,89.28,59.52,52.08,119.04,119.04,81.84,119.04,133.92,133.92,133.92,104.16,133.92,126.48
1/15/2010,2010,1,81.84,111.6,245.52,126.48,96.72,156.24,133.92,133.92,156.24,163.68,186,193.44,208.32,238.08,126.48,245.52,252.96,260.4,238.08,104.16,252.96,260.4,96.72,252.96,260.4,260.4,223.2,267.84,282.72,178.56,223.2,215.76,193.44,297.6,66.96,290.16,133.92,133.92,104.16,126.48,156.24,163.68,163.68,133.92,230.64,230.64
2/15/2010,2010,2,80.64,114.24,161.28,120.96,87.36,154.56,73.92,127.68,127.68,127.68,141.12,134.4,141.12,154.56,80.64,154.56,181.44,168,161.28,114.24,161.28,168,94.08,161.28,147.84,161.28,127.68,147.84,141.12,107.52,127.68,127.68,134.4,161.28,47.04,134.4,141.12,141.12,107.52,127.68,147.84,154.56,154.56,127.68,154.56,154.56
3/15/2010,2010,3,59.52,59.52,89.28,59.52,44.64,89.28,44.64,81.84,89.28,104.16,126.48,119.04,126.48,81.84,59.52,89.28,96.72,104.16,81.84,74.4,96.72,96.72,37.2,89.28,81.84,96.72,66.96,96.72,96.72,66.96,104.16,96.72,111.6,111.6,14.88,96.72,89.28,89.28,44.64,74.4,81.84,81.84,81.84,59.52,141.36,81.84
4/15/2010,2010,4,57.6,57.6,136.8,108,50.4,115.2,79.2,108,108,129.6,136.8,136.8,136.8,129.6,93.6,136.8,151.2,158.4,129.6,93.6,136.8,151.2,72,136.8,136.8,136.8,100.8,136.8,129.6,108,129.6,115.2,122.4,115.2,36,100.8,86.4,86.4,57.6,100.8,115.2,115.2,115.2,108,223.2,144
5/15/2010,2010,5,37.2,14.88,44.64,14.88,7.44,29.76,14.88,29.76,29.76,29.76,37.2,37.2,44.64,29.76,52.08,52.08,44.64,66.96,37.2,66.96,52.08,44.64,14.88,37.2,37.2,52.08,22.32,52.08,44.64,59.52,74.4,52.08,52.08,59.52,7.44,29.76,37.2,37.2,14.88,37.2,14.88,22.32,22.32,14.88,148.8,37.2
6/15/2010,2010,6,7.2,0,7.2,0,0,7.2,0,7.2,7.2,7.2,7.2,7.2,7.2,7.2,21.6,14.4,7.2,14.4,7.2,14.4,7.2,0,0,7.2,0,7.2,0,7.2,7.2,7.2,7.2,7.2,7.2,7.2,0,0,7.2,7.2,0,7.2,0,7.2,7.2,0,21.6,7.2
7/15/2010,2010,7,0,0,0,0,0,0,0,0,0,0,0,0,0,0,7.44,0,0,0,0,7.44,0,0,0,0,0,0,0,0,0,0,0,0,0,0,0,0,0,0,0,0,0,0,0,0,7.44,0
8/15/2010,2010,8,0,0,7.44,0,0,0,0,0,7.44,7.44,7.44,7.44,7.44,7.44,7.44,7.44,7.44,7.44,7.44,0,7.44,0,0,7.44,0,7.44,0,0,0,7.44,7.44,0,7.44,7.44,0,0,0,0,0,0,0,0,0,0,7.44,7.44
9/15/2010,2010,9,7.2,7.2,14.4,0,0,7.2,0,0,0,7.2,7.2,7.2,7.2,7.2,14.4,14.4,14.4,14.4,14.4,7.2,7.2,7.2,0,7.2,7.2,7.2,0,7.2,7.2,7.2,0,0,7.2,21.6,0,7.2,7.2,7.2,7.2,7.2,7.2,7.2,7.2,0,21.6,14.4
10/15/2010,2010,10,29.76,29.76,126.48,52.08,29.76,74.4,22.32,96.72,126.48,104.16,126.48,119.04,133.92,119.04,74.4,126.48,133.92,133.92,126.48,44.64,126.48,119.04,29.76,119.04,111.6,126.48,89.28,126.48,133.92,141.36,171.12,141.36,156.24,126.48,22.32,96.72,29.76,29.76,29.76,59.52,52.08,66.96,66.96,44.64,148.8,148.8
11/15/2010,2010,11,36,43.2,115.2,72,36,100.8,50.4,100.8,122.4,129.6,151.2,151.2,165.6,108,64.8,115.2,115.2,129.6,122.4,64.8,122.4,100.8,43.2,115.2,93.6,122.4,86.4,129.6,144,122.4,187.2,158.4,172.8,129.6,14.4,100.8,57.6,57.6,50.4,72,79.2,86.4,86.4,64.8,129.6,108
12/15/2010,2010,12,215.76,260.4,238.08,178.56,223.2,245.52,89.28,223.2,245.52,238.08,275.28,267.84,282.72,230.64,148.8,238.08,215.76,252.96,230.64,245.52,245.52,200.88,200.88,245.52,193.44,267.84,163.68,267.84,275.28,238.08,327.36,290.16,297.6,208.32,156.24,186,297.6,297.6,238.08,238.08,252.96,238.08,238.08,193.44,238.08,208.32
1/15/2011,2011,1,66.96,89.28,66.96,81.84,66.96,96.72,37.2,74.4,81.84,104.16,119.04,104.16,104.16,74.4,37.2,52.08,96.72,66.96,66.96,74.4,66.96,89.28,66.96,66.96,74.4,66.96,59.52,74.4,89.28,52.08,74.4,74.4,89.28,111.6,22.32,89.28,119.04,119.04,74.4,81.84,104.16,96.72,96.72,81.84,104.16,81.84
2/15/2011,2011,2,60.48,80.64,114.24,94.08,60.48,127.68,60.48,107.52,120.96,127.68,141.12,134.4,141.12,107.52,67.2,107.52,120.96,120.96,107.52,87.36,114.24,114.24,60.48,114.24,107.52,120.96,100.8,127.68,134.4,94.08,127.68,127.68,127.68,141.12,26.88,147.84,100.8,100.8,67.2,107.52,114.24,120.96,120.96,94.08,127.68,114.24
3/15/2011,2011,3,81.84,111.6,215.76,133.92,104.16,178.56,96.72,163.68,200.88,208.32,238.08,238.08,252.96,208.32,148.8,223.2,215.76,230.64,215.76,111.6,223.2,215.76,111.6,223.2,208.32,245.52,171.12,252.96,275.28,223.2,290.16,267.84,267.84,245.52,74.4,238.08,133.92,133.92,111.6,141.36,163.68,171.12,171.12,133.92,267.84,215.76
4/15/2011,2011,4,43.2,36,43.2,21.6,21.6,50.4,0,43.2,57.6,57.6,72,64.8,72,36,43.2,43.2,64.8,64.8,36,64.8,50.4,57.6,21.6,36,28.8,57.6,7.2,43.2,36,43.2,64.8,50.4,72,36,7.2,14.4,57.6,57.6,28.8,50.4,43.2,50.4,50.4,28.8,165.6,43.2
5/15/2011,2011,5,29.76,14.88,89.28,22.32,14.88,44.64,14.88,52.08,44.64,44.64,52.08,52.08,59.52,81.84,59.52,96.72,59.52,111.6,81.84,66.96,89.28,52.08,14.88,81.84,44.64,74.4,37.2,74.4,66.96,66.96,74.4,59.52,59.52,66.96,7.44,37.2,44.64,44.64,14.88,44.64,22.32,29.76,29.76,22.32,171.12,52.08
6/15/2011,2011,6,21.6,7.2,43.2,36,14.4,50.4,21.6,57.6,50.4,50.4,50.4,57.6,57.6,36,36,36,36,43.2,36,72,43.2,28.8,21.6,43.2,28.8,43.2,36,43.2,43.2,57.6,72,57.6,64.8,50.4,0,50.4,36,36,14.4,43.2,28.8,36,36,28.8,43.2,36
7/15/2011,2011,7,7.44,0,0,0,0,0,0,0,0,0,0,0,0,0,14.88,7.44,0,0,0,7.44,0,0,0,0,0,0,0,0,0,0,0,0,0,0,0,0,7.44,7.44,0,7.44,0,0,0,0,14.88,7.44
8/15/2011,2011,8,0,0,7.44,0,0,0,0,0,0,0,0,0,0,0,7.44,7.44,0,7.44,7.44,7.44,7.44,0,0,7.44,0,7.44,0,0,0,0,0,0,0,7.44,0,0,0,0,0,0,0,0,0,0,7.44,0
9/15/2011,2011,9,7.2,7.2,7.2,0,7.2,7.2,0,7.2,7.2,7.2,7.2,7.2,7.2,7.2,14.4,7.2,7.2,7.2,7.2,7.2,7.2,0,0,7.2,0,7.2,0,7.2,0,7.2,7.2,7.2,7.2,7.2,0,7.2,7.2,7.2,7.2,7.2,7.2,7.2,7.2,0,7.2,7.2
10/15/2011,2011,10,22.32,22.32,74.4,29.76,14.88,52.08,14.88,52.08,59.52,52.08,59.52,59.52,66.96,74.4,52.08,81.84,89.28,89.28,74.4,52.08,81.84,66.96,22.32,81.84,59.52,81.84,52.08,74.4,66.96,59.52,81.84,66.96,66.96,59.52,14.88,37.2,29.76,29.76,22.32,52.08,37.2,44.64,44.64,29.76,89.28,89.28
11/15/2011,2011,11,36,50.4,100.8,50.4,36,72,21.6,57.6,64.8,79.2,86.4,86.4,86.4,93.6,57.6,108,115.2,115.2,108,50.4,100.8,100.8,43.2,93.6,86.4,93.6,64.8,79.2,72,64.8,86.4,72,86.4,108,28.8,79.2,57.6,57.6,43.2,64.8,72,79.2,79.2,57.6,108,108
12/15/2011,2011,12,44.64,59.52,37.2,37.2,29.76,66.96,7.44,37.2,52.08,74.4,81.84,74.4,81.84,29.76,22.32,37.2,44.64,44.64,37.2,37.2,37.2,22.32,22.32,29.76,7.44,29.76,7.44,29.76,37.2,29.76,37.2,37.2,59.52,44.64,14.88,7.44,66.96,66.96,37.2,52.08,59.52,66.96,66.96,44.64,74.4,44.64
1/15/2012,2012,1,81.84,104.16,171.12,89.28,66.96,141.36,37.2,126.48,148.8,133.92,171.12,163.68,178.56,178.56,81.84,163.68,178.56,178.56,163.68,104.16,178.56,186,66.96,186,186,178.56,163.68,178.56,193.44,141.36,186,171.12,186,200.88,29.76,171.12,133.92,133.92,81.84,119.04,119.04,133.92,133.92,89.28,171.12,171.12
2/15/2012,2012,2,48.72,62.64,69.6,48.72,41.76,83.52,20.88,62.64,69.6,76.56,90.48,83.52,83.52,69.6,41.76,69.6,76.56,69.6,69.6,55.68,69.6,69.6,27.84,69.6,62.64,76.56,55.68,76.56,83.52,55.68,62.64,62.64,76.56,83.52,13.92,62.64,83.52,83.52,55.68,69.6,76.56,83.52,83.52,55.68,83.52,76.56
3/15/2012,2012,3,66.96,81.84,186,89.28,66.96,111.6,52.08,104.16,141.36,156.24,186,186,200.88,186,104.16,186,178.56,200.88,178.56,74.4,193.44,171.12,66.96,200.88,163.68,208.32,141.36,208.32,223.2,163.68,223.2,208.32,200.88,186,44.64,178.56,96.72,96.72,74.4,89.28,111.6,119.04,119.04,96.72,186,163.68
4/15/2012,2012,4,57.6,79.2,86.4,64.8,72,86.4,36,72,72,93.6,100.8,108,108,79.2,64.8,86.4,86.4,100.8,79.2,79.2,93.6,79.2,64.8,86.4,64.8,100.8,57.6,93.6,93.6,79.2,93.6,93.6,93.6,93.6,43.2,64.8,93.6,93.6,79.2,72,72,72,72,64.8,158.4,72
5/15/2012,2012,5,7.44,7.44,14.88,7.44,7.44,14.88,0,14.88,14.88,14.88,14.88,14.88,14.88,7.44,22.32,14.88,7.44,22.32,14.88,22.32,14.88,7.44,7.44,14.88,0,14.88,0,14.88,14.88,14.88,14.88,7.44,14.88,7.44,0,0,14.88,14.88,7.44,14.88,14.88,14.88,14.88,7.44,37.2,14.88
6/15/2012,2012,6,0,0,21.6,0,0,7.2,0,7.2,7.2,7.2,7.2,7.2,7.2,14.4,28.8,28.8,21.6,21.6,28.8,7.2,21.6,7.2,0,14.4,7.2,14.4,0,14.4,7.2,7.2,7.2,7.2,7.2,14.4,0,0,7.2,7.2,0,7.2,7.2,7.2,7.2,0,28.8,21.6
7/15/2012,2012,7,0,0,0,0,0,0,0,0,7.44,0,7.44,7.44,7.44,0,7.44,0,0,0,0,7.44,0,0,0,0,0,0,0,0,0,7.44,7.44,0,7.44,0,0,0,0,0,0,0,0,0,0,0,7.44,0
8/15/2012,2012,8,7.44,0,7.44,0,0,0,0,0,0,0,0,0,0,7.44,7.44,7.44,7.44,7.44,7.44,7.44,7.44,0,0,7.44,0,7.44,0,0,0,0,0,0,0,0,0,0,0,0,0,0,0,0,0,0,7.44,7.44
9/15/2012,2012,9,7.2,7.2,0,0,0,7.2,0,7.2,7.2,7.2,7.2,7.2,7.2,0,7.2,7.2,0,7.2,0,7.2,0,0,0,0,0,7.2,0,0,0,0,0,0,7.2,7.2,0,7.2,7.2,7.2,7.2,7.2,7.2,7.2,7.2,0,0,0
10/15/2012,2012,10,7.44,7.44,44.64,14.88,7.44,22.32,7.44,22.32,29.76,37.2,44.64,44.64,44.64,37.2,37.2,59.52,52.08,59.52,52.08,14.88,44.64,37.2,7.44,44.64,22.32,44.64,14.88,37.2,37.2,37.2,52.08,44.64,52.08,59.52,0,44.64,14.88,14.88,7.44,22.32,22.32,22.32,22.32,14.88,59.52,44.64
11/15/2012,2012,11,28.8,36,194.4,79.2,28.8,93.6,79.2,108,136.8,158.4,187.2,187.2,201.6,180,115.2,194.4,187.2,216,180,36,201.6,172.8,36,194.4,158.4,230.4,136.8,216,216,187.2,252,208.8,216,201.6,7.2,187.2,43.2,43.2,28.8,64.8,79.2,86.4,86.4,72,194.4,180
12/15/2012,2012,12,66.96,81.84,275.28,126.48,66.96,163.68,104.16,156.24,186,208.32,230.64,230.64,238.08,275.28,163.68,275.28,282.72,282.72,267.84,104.16,282.72,275.28,74.4,282.72,260.4,297.6,230.64,305.04,327.36,230.64,267.84,267.84,245.52,245.52,37.2,200.88,104.16,104.16,74.4,119.04,148.8,163.68,163.68,126.48,260.4,275.28
1/15/2013,2013,1,66.96,74.4,44.64,59.52,52.08,89.28,22.32,66.96,81.84,96.72,111.6,96.72,104.16,44.64,29.76,37.2,89.28,37.2,44.64,52.08,37.2,66.96,37.2,37.2,37.2,29.76,22.32,37.2,44.64,29.76,52.08,52.08,81.84,74.4,22.32,74.4,96.72,96.72,59.52,66.96,81.84,89.28,89.28,66.96,74.4,81.84
2/15/2013,2013,2,53.76,67.2,40.32,40.32,47.04,73.92,13.44,47.04,53.76,60.48,73.92,60.48,67.2,33.6,20.16,40.32,67.2,40.32,40.32,53.76,40.32,47.04,40.32,33.6,20.16,40.32,6.72,33.6,40.32,26.88,33.6,33.6,47.04,60.48,13.44,26.88,80.64,80.64,53.76,67.2,73.92,73.92,73.92,47.04,73.92,53.76
3/15/2013,2013,3,59.52,66.96,119.04,52.08,44.64,81.84,14.88,66.96,81.84,81.84,104.16,104.16,111.6,111.6,52.08,104.16,119.04,119.04,119.04,74.4,119.04,96.72,44.64,119.04,81.84,119.04,52.08,111.6,111.6,74.4,104.16,96.72,104.16,96.72,22.32,59.52,89.28,89.28,59.52,74.4,81.84,74.4,74.4,59.52,126.48,119.04
4/15/2013,2013,4,28.8,28.8,50.4,28.8,14.4,57.6,7.2,50.4,50.4,50.4,64.8,57.6,64.8,43.2,43.2,57.6,50.4,64.8,50.4,36,57.6,36,14.4,50.4,36,43.2,21.6,43.2,43.2,43.2,36,36,50.4,79.2,7.2,36,36,36,21.6,43.2,36,43.2,43.2,28.8,72,50.4
5/15/2013,2013,5,14.88,14.88,22.32,14.88,7.44,29.76,0,37.2,29.76,22.32,37.2,29.76,37.2,22.32,37.2,29.76,14.88,29.76,29.76,37.2,22.32,7.44,7.44,14.88,0,22.32,0,14.88,14.88,29.76,29.76,22.32,37.2,14.88,7.44,0,14.88,14.88,7.44,29.76,14.88,22.32,22.32,14.88,29.76,14.88
6/15/2013,2013,6,0,0,28.8,7.2,0,7.2,0,7.2,14.4,7.2,14.4,14.4,14.4,21.6,28.8,28.8,21.6,28.8,28.8,7.2,28.8,14.4,0,21.6,14.4,28.8,14.4,21.6,14.4,14.4,14.4,7.2,14.4,28.8,0,21.6,7.2,7.2,0,7.2,7.2,7.2,7.2,0,14.4,21.6
7/15/2013,2013,7,7.44,7.44,0,0,0,0,0,0,7.44,0,7.44,7.44,7.44,0,0,0,0,0,0,7.44,0,0,0,0,0,0,0,0,0,7.44,0,0,7.44,0,0,0,7.44,7.44,0,7.44,0,0,0,0,0,0
8/15/2013,2013,8,7.44,7.44,7.44,0,0,0,0,0,7.44,0,7.44,7.44,7.44,0,7.44,7.44,7.44,7.44,7.44,7.44,7.44,0,0,7.44,0,7.44,0,0,0,7.44,7.44,0,7.44,0,0,0,7.44,7.44,0,0,0,0,0,0,7.44,7.44
9/15/2013,2013,9,7.2,7.2,28.8,0,0,7.2,0,7.2,14.4,14.4,14.4,14.4,21.6,28.8,21.6,28.8,28.8,28.8,28.8,7.2,28.8,21.6,0,21.6,14.4,28.8,7.2,21.6,21.6,21.6,28.8,21.6,21.6,28.8,0,21.6,7.2,7.2,0,7.2,7.2,7.2,7.2,0,50.4,36
10/15/2013,2013,10,7.44,7.44,22.32,7.44,7.44,22.32,0,14.88,22.32,22.32,29.76,22.32,29.76,14.88,14.88,44.64,14.88,29.76,22.32,14.88,22.32,7.44,7.44,22.32,0,22.32,0,14.88,14.88,22.32,22.32,14.88,29.76,52.08,0,7.44,14.88,14.88,7.44,14.88,22.32,14.88,14.88,7.44,22.32,14.88
11/15/2013,2013,11,43.2,43.2,50.4,43.2,28.8,64.8,14.4,50.4,57.6,79.2,86.4,79.2,79.2,43.2,28.8,57.6,64.8,57.6,50.4,50.4,50.4,50.4,28.8,43.2,36,50.4,21.6,50.4,50.4,57.6,64.8,57.6,79.2,93.6,14.4,57.6,43.2,43.2,36,57.6,57.6,57.6,57.6,43.2,57.6,64.8
12/15/2013,2013,12,52.08,59.52,44.64,44.64,37.2,66.96,7.44,44.64,59.52,74.4,81.84,74.4,81.84,37.2,22.32,44.64,44.64,44.64,44.64,52.08,44.64,29.76,29.76,44.64,14.88,44.64,7.44,44.64,52.08,37.2,52.08,44.64,66.96,37.2,14.88,7.44,66.96,66.96,44.64,59.52,66.96,66.96,66.96,44.64,44.64,44.64
1/15/2014,2014,1,52.08,66.96,22.32,52.08,37.2,81.84,7.44,74.4,96.72,96.72,119.04,96.72,111.6,22.32,14.88,14.88,52.08,14.88,29.76,52.08,22.32,29.76,29.76,14.88,7.44,14.88,7.44,22.32,37.2,44.64,66.96,59.52,96.72,81.84,14.88,52.08,81.84,81.84,52.08,66.96,81.84,81.84,81.84,52.08,52.08,52.08
2/15/2014,2014,2,73.92,80.64,215.04,94.08,60.48,134.4,67.2,141.12,174.72,161.28,201.6,201.6,221.76,215.04,134.4,215.04,208.32,228.48,208.32,94.08,221.76,194.88,67.2,221.76,181.44,235.2,161.28,228.48,235.2,194.88,268.8,241.92,241.92,208.32,33.6,181.44,107.52,107.52,73.92,114.24,120.96,120.96,120.96,94.08,188.16,194.88
3/15/2014,2014,3,52.08,59.52,163.68,59.52,37.2,89.28,37.2,89.28,104.16,111.6,133.92,133.92,141.36,156.24,96.72,163.68,156.24,186,156.24,59.52,171.12,141.36,37.2,163.68,126.48,178.56,104.16,171.12,171.12,126.48,156.24,141.36,141.36,133.92,14.88,96.72,74.4,74.4,52.08,74.4,74.4,81.84,81.84,66.96,186,163.68
4/15/2014,2014,4,36,36,43.2,36,28.8,64.8,14.4,57.6,64.8,72,86.4,79.2,86.4,36,28.8,36,28.8,50.4,36,64.8,43.2,21.6,28.8,43.2,14.4,43.2,7.2,43.2,36,36,57.6,50.4,72,50.4,14.4,36,57.6,57.6,36,57.6,50.4,50.4,50.4,36,43.2,21.6
5/15/2014,2014,5,14.88,14.88,14.88,7.44,7.44,22.32,0,29.76,22.32,22.32,29.76,22.32,29.76,14.88,14.88,14.88,7.44,14.88,14.88,37.2,14.88,7.44,7.44,14.88,0,14.88,0,14.88,22.32,22.32,29.76,22.32,29.76,14.88,7.44,0,22.32,22.32,7.44,22.32,14.88,14.88,14.88,7.44,14.88,7.44
6/15/2014,2014,6,0,0,0,0,0,7.2,0,7.2,7.2,7.2,7.2,7.2,7.2,0,7.2,7.2,0,7.2,0,7.2,7.2,0,0,7.2,0,7.2,0,7.2,0,7.2,7.2,0,7.2,7.2,0,0,0,0,0,7.2,7.2,7.2,7.2,0,7.2,0
7/15/2014,2014,7,0,0,0,0,0,0,0,7.44,7.44,7.44,7.44,7.44,7.44,0,7.44,7.44,0,7.44,0,7.44,0,0,0,0,0,0,0,0,0,7.44,0,0,7.44,0,0,0,0,0,0,7.44,0,0,0,0,7.44,0
8/15/2014,2014,8,7.44,0,7.44,0,0,0,0,7.44,14.88,14.88,14.88,14.88,14.88,7.44,7.44,7.44,7.44,7.44,7.44,7.44,7.44,7.44,0,7.44,0,7.44,0,7.44,7.44,14.88,14.88,7.44,14.88,0,0,0,7.44,7.44,0,0,0,0,0,0,7.44,7.44
9/15/2014,2014,9,7.2,7.2,57.6,7.2,7.2,14.4,7.2,21.6,28.8,21.6,36,28.8,36,50.4,36,64.8,64.8,57.6,64.8,7.2,57.6,50.4,7.2,50.4,43.2,43.2,28.8,36,28.8,28.8,21.6,14.4,28.8,43.2,0,21.6,7.2,7.2,7.2,7.2,14.4,7.2,7.2,7.2,64.8,72
10/15/2014,2014,10,14.88,14.88,66.96,14.88,14.88,22.32,7.44,14.88,22.32,29.76,37.2,37.2,37.2,59.52,59.52,96.72,66.96,74.4,66.96,14.88,66.96,37.2,14.88,66.96,22.32,66.96,14.88,59.52,52.08,44.64,44.64,37.2,37.2,37.2,14.88,14.88,14.88,14.88,14.88,22.32,22.32,22.32,22.32,14.88,133.92,96.72
11/15/2014,2014,11,28.8,36,100.8,50.4,21.6,86.4,50.4,79.2,79.2,86.4,108,108,122.4,100.8,64.8,100.8,108,115.2,100.8,36,108,93.6,28.8,108,86.4,108,79.2,108,108,100.8,129.6,115.2,122.4,115.2,7.2,86.4,43.2,43.2,28.8,64.8,64.8,72,72,50.4,108,108
12/15/2014,2014,12,96.72,111.6,290.16,126.48,89.28,148.8,148.8,133.92,163.68,223.2,245.52,260.4,252.96,275.28,156.24,275.28,290.16,297.6,290.16,96.72,290.16,260.4,74.4,290.16,238.08,290.16,230.64,267.84,245.52,215.76,282.72,267.84,260.4,275.28,59.52,275.28,119.04,119.04,89.28,126.48,141.36,148.8,148.8,126.48,290.16,290.16
1/15/2015,2015,1,74.4,81.84,22.32,37.2,52.08,74.4,0,52.08,66.96,74.4,96.72,74.4,81.84,22.32,22.32,14.88,52.08,22.32,22.32,52.08,14.88,37.2,29.76,14.88,14.88,14.88,7.44,22.32,29.76,29.76,37.2,37.2,66.96,59.52,29.76,52.08,89.28,89.28,59.52,66.96,74.4,74.4,74.4,44.64,81.84,59.52
2/15/2015,2015,2,73.92,73.92,127.68,67.2,47.04,114.24,47.04,114.24,127.68,134.4,154.56,147.84,147.84,120.96,94.08,134.4,141.12,141.12,120.96,94.08,127.68,114.24,47.04,120.96,100.8,114.24,80.64,114.24,114.24,80.64,87.36,94.08,120.96,127.68,20.16,107.52,114.24,114.24,60.48,87.36,94.08,87.36,87.36,67.2,194.88,154.56
3/15/2015,2015,3,52.08,52.08,52.08,44.64,29.76,81.84,7.44,59.52,52.08,66.96,74.4,66.96,74.4,44.64,44.64,52.08,59.52,59.52,52.08,81.84,52.08,37.2,22.32,44.64,29.76,52.08,22.32,44.64,52.08,37.2,37.2,37.2,59.52,52.08,14.88,22.32,89.28,89.28,37.2,74.4,66.96,66.96,66.96,44.64,74.4,66.96
4/15/2015,2015,4,28.8,43.2,57.6,36,28.8,72,14.4,79.2,79.2,79.2,93.6,93.6,100.8,50.4,36,57.6,50.4,57.6,50.4,50.4,57.6,43.2,36,50.4,36,57.6,28.8,64.8,64.8,64.8,86.4,72,86.4,72,7.2,43.2,50.4,50.4,36,57.6,57.6,50.4,50.4,36,64.8,43.2
5/15/2015,2015,5,22.32,22.32,14.88,22.32,14.88,52.08,7.44,52.08,44.64,29.76,37.2,29.76,29.76,14.88,29.76,22.32,7.44,22.32,14.88,52.08,14.88,7.44,14.88,14.88,7.44,14.88,7.44,14.88,14.88,22.32,29.76,22.32,29.76,14.88,14.88,0,29.76,29.76,14.88,52.08,29.76,29.76,29.76,22.32,22.32,14.88
6/15/2015,2015,6,7.2,7.2,7.2,0,0,7.2,0,14.4,21.6,14.4,21.6,14.4,21.6,7.2,14.4,14.4,7.2,14.4,14.4,7.2,14.4,0,0,7.2,0,14.4,0,7.2,7.2,14.4,21.6,14.4,21.6,0,0,0,7.2,7.2,0,7.2,7.2,7.2,7.2,0,7.2,7.2
7/15/2015,2015,7,7.44,7.44,7.44,0,7.44,7.44,0,7.44,14.88,7.44,14.88,7.44,7.44,7.44,22.32,7.44,7.44,7.44,7.44,7.44,7.44,7.44,7.44,7.44,0,7.44,0,0,0,14.88,7.44,0,7.44,7.44,7.44,7.44,7.44,7.44,7.44,7.44,7.44,7.44,7.44,0,14.88,7.44
8/15/2015,2015,8,0,0,7.44,0,0,0,0,0,0,0,0,0,0,7.44,7.44,7.44,7.44,7.44,7.44,0,7.44,0,0,7.44,0,7.44,0,0,0,7.44,0,0,0,0,0,0,0,0,0,0,0,0,0,0,7.44,7.44
9/15/2015,2015,9,7.2,7.2,7.2,7.2,7.2,7.2,0,7.2,7.2,7.2,14.4,7.2,14.4,7.2,7.2,14.4,7.2,14.4,7.2,7.2,7.2,7.2,0,7.2,7.2,7.2,0,7.2,7.2,7.2,7.2,7.2,7.2,14.4,7.2,14.4,7.2,7.2,7.2,7.2,7.2,7.2,7.2,7.2,7.2,7.2
10/15/2015,2015,10,22.32,29.76,29.76,22.32,29.76,29.76,7.44,29.76,37.2,29.76,44.64,37.2,44.64,22.32,22.32,37.2,14.88,37.2,29.76,29.76,29.76,7.44,29.76,29.76,0,37.2,0,29.76,22.32,37.2,44.64,29.76,44.64,22.32,14.88,7.44,29.76,29.76,29.76,29.76,22.32,22.32,22.32,22.32,22.32,22.32
11/15/2015,2015,11,36,43.2,72,79.2,36,100.8,79.2,100.8,115.2,122.4,136.8,129.6,136.8,72,43.2,72,86.4,79.2,72,50.4,72,72,43.2,79.2,57.6,79.2,50.4,72,79.2,79.2,122.4,108,136.8,86.4,14.4,72,57.6,57.6,43.2,72,86.4,93.6,93.6,72,79.2,79.2
12/15/2015,2015,12,59.52,81.84,193.44,81.84,66.96,104.16,52.08,104.16,133.92,141.36,171.12,171.12,186,171.12,148.8,215.76,208.32,223.2,200.88,66.96,200.88,178.56,66.96,200.88,156.24,215.76,111.6,193.44,186,178.56,238.08,193.44,208.32,133.92,29.76,96.72,104.16,104.16,74.4,81.84,104.16,111.6,111.6,89.28,238.08,215.76
1/15/2016,2016,1,96.72,111.6,290.16,163.68,96.72,200.88,133.92,193.44,230.64,230.64,267.84,260.4,275.28,267.84,178.56,305.04,290.16,312.48,290.16,119.04,290.16,260.4,111.6,290.16,245.52,305.04,200.88,290.16,290.16,230.64,297.6,267.84,282.72,252.96,66.96,252.96,133.92,133.92,111.6,163.68,186,193.44,193.44,163.68,297.6,297.6
2/15/2016,2016,2,62.64,69.6,48.72,41.76,41.76,76.56,13.92,69.6,69.6,76.56,90.48,83.52,90.48,48.72,41.76,55.68,76.56,55.68,55.68,69.6,48.72,55.68,27.84,48.72,34.8,48.72,20.88,48.72,55.68,41.76,55.68,55.68,76.56,69.6,13.92,55.68,90.48,90.48,48.72,69.6,69.6,69.6,69.6,48.72,111.36,76.56
3/15/2016,2016,3,66.96,74.4,267.84,111.6,59.52,133.92,89.28,148.8,171.12,200.88,223.2,238.08,245.52,260.4,156.24,260.4,245.52,282.72,260.4,89.28,275.28,223.2,66.96,275.28,208.32,290.16,186,290.16,290.16,238.08,312.48,275.28,260.4,230.64,29.76,208.32,111.6,111.6,66.96,104.16,119.04,119.04,119.04,104.16,260.4,230.64
4/15/2016,2016,4,57.6,43.2,79.2,86.4,28.8,108,50.4,108,100.8,108,115.2,115.2,115.2,72,57.6,79.2,72,93.6,79.2,108,79.2,57.6,36,72,43.2,79.2,28.8,72,64.8,72,79.2,64.8,93.6,64.8,21.6,28.8,79.2,79.2,43.2,100.8,79.2,93.6,93.6,79.2,115.2,72
5/15/2016,2016,5,14.88,14.88,22.32,14.88,7.44,44.64,0,52.08,44.64,37.2,44.64,37.2,44.64,14.88,44.64,29.76,22.32,29.76,22.32,44.64,22.32,14.88,14.88,22.32,7.44,22.32,7.44,22.32,22.32,44.64,52.08,37.2,52.08,14.88,7.44,0,22.32,22.32,14.88,44.64,29.76,22.32,22.32,14.88,52.08,37.2
6/15/2016,2016,6,7.2,7.2,36,7.2,0,14.4,0,14.4,7.2,7.2,7.2,7.2,7.2,28.8,36,50.4,36,43.2,43.2,14.4,36,21.6,7.2,28.8,14.4,28.8,14.4,21.6,14.4,14.4,7.2,0,7.2,7.2,0,0,7.2,7.2,0,21.6,14.4,14.4,14.4,7.2,36,43.2
7/15/2016,2016,7,0,0,0,0,0,0,0,0,0,0,0,0,0,0,7.44,0,0,0,0,7.44,0,0,0,0,0,0,0,0,0,0,0,0,0,7.44,0,0,0,0,0,7.44,0,0,0,0,0,0
8/15/2016,2016,8,0,0,0,0,0,0,0,0,0,0,0,0,0,0,0,7.44,0,7.44,0,7.44,0,0,0,0,0,0,0,0,0,0,0,0,0,0,0,0,0,0,0,0,0,0,0,0,7.44,0
9/15/2016,2016,9,7.2,7.2,0,0,0,7.2,0,7.2,7.2,7.2,7.2,7.2,7.2,0,0,7.2,0,7.2,0,7.2,7.2,0,0,0,0,7.2,0,7.2,0,7.2,0,0,7.2,7.2,0,7.2,7.2,7.2,7.2,7.2,7.2,7.2,7.2,0,0,0
10/15/2016,2016,10,14.88,22.32,208.32,59.52,14.88,74.4,59.52,96.72,133.92,133.92,156.24,163.68,178.56,193.44,141.36,238.08,208.32,215.76,215.76,29.76,200.88,178.56,22.32,200.88,156.24,200.88,119.04,193.44,200.88,186,238.08,193.44,208.32,148.8,7.44,119.04,22.32,22.32,22.32,52.08,59.52,59.52,59.52,52.08,252.96,230.64
11/15/2016,2016,11,36,43.2,129.6,57.6,36,93.6,36,86.4,86.4,108,115.2,108,115.2,122.4,72,144,151.2,129.6,136.8,50.4,129.6,122.4,36,122.4,108,129.6,86.4,122.4,115.2,93.6,122.4,100.8,115.2,122.4,14.4,93.6,50.4,50.4,36,72,86.4,79.2,79.2,64.8,144,151.2
12/15/2016,2016,12,89.28,111.6,171.12,89.28,89.28,111.6,44.64,119.04,156.24,163.68,193.44,186,208.32,171.12,111.6,171.12,178.56,178.56,171.12,81.84,178.56,171.12,81.84,178.56,156.24,186,119.04,186,200.88,171.12,252.96,215.76,223.2,148.8,66.96,126.48,119.04,119.04,104.16,96.72,111.6,119.04,119.04,96.72,163.68,171.12
1/15/2017,2017,1,126.48,163.68,282.72,200.88,141.36,252.96,148.8,282.72,357.12,327.36,394.32,379.44,409.2,275.28,215.76,290.16,282.72,297.6,275.28,193.44,297.6,290.16,148.8,297.6,275.28,327.36,260.4,334.8,357.12,319.92,424.08,379.44,424.08,386.88,89.28,431.52,200.88,200.88,163.68,215.76,223.2,223.2,223.2,193.44,290.16,275.28
2/15/2017,2017,2,94.08,127.68,241.92,127.68,107.52,154.56,120.96,201.6,282.24,268.8,329.28,329.28,362.88,235.2,168,241.92,235.2,262.08,235.2,100.8,255.36,235.2,94.08,248.64,235.2,288.96,221.76,295.68,315.84,309.12,430.08,362.88,389.76,302.4,67.2,309.12,134.4,134.4,114.24,114.24,127.68,134.4,134.4,120.96,241.92,221.76
3/15/2017,2017,3,59.52,59.52,133.92,66.96,37.2,89.28,44.64,89.28,104.16,119.04,133.92,133.92,133.92,126.48,96.72,141.36,156.24,148.8,141.36,81.84,133.92,126.48,37.2,133.92,96.72,141.36,74.4,133.92,141.36,104.16,126.48,126.48,126.48,119.04,14.88,104.16,89.28,89.28,44.64,74.4,81.84,81.84,81.84,59.52,163.68,141.36
4/15/2017,2017,4,43.2,43.2,144,64.8,36,100.8,36,108,129.6,129.6,151.2,151.2,165.6,129.6,86.4,144,129.6,158.4,136.8,93.6,144,122.4,64.8,144,108,151.2,79.2,151.2,151.2,129.6,158.4,144,158.4,122.4,14.4,108,72,72,50.4,86.4,86.4,86.4,86.4,64.8,208.8,129.6
5/15/2017,2017,5,14.88,14.88,14.88,14.88,7.44,22.32,0,29.76,29.76,22.32,29.76,22.32,29.76,7.44,29.76,22.32,7.44,22.32,14.88,29.76,14.88,7.44,7.44,14.88,0,14.88,0,14.88,14.88,22.32,22.32,14.88,29.76,7.44,7.44,0,22.32,22.32,14.88,22.32,14.88,14.88,14.88,14.88,29.76,7.44
6/15/2017,2017,6,0,0,14.4,0,0,7.2,0,7.2,7.2,7.2,7.2,7.2,7.2,14.4,21.6,14.4,7.2,14.4,14.4,7.2,14.4,7.2,0,14.4,0,14.4,0,14.4,7.2,14.4,14.4,7.2,7.2,7.2,0,7.2,7.2,7.2,0,7.2,7.2,7.2,7.2,0,14.4,14.4
7/15/2017,2017,7,7.44,0,0,0,0,0,0,0,0,0,0,0,0,0,7.44,0,0,0,0,7.44,0,0,0,0,0,0,0,0,0,0,0,0,0,0,0,0,0,0,0,7.44,0,0,0,0,0,0
8/15/2017,2017,8,7.44,0,7.44,0,0,0,0,7.44,7.44,7.44,7.44,7.44,7.44,0,7.44,7.44,7.44,7.44,7.44,7.44,7.44,0,0,7.44,0,7.44,0,0,0,7.44,7.44,0,7.44,0,0,0,0,0,0,0,0,0,0,0,7.44,7.44
9/15/2017,2017,9,7.2,7.2,14.4,0,7.2,14.4,0,14.4,14.4,7.2,14.4,14.4,14.4,7.2,14.4,14.4,7.2,14.4,14.4,7.2,14.4,7.2,7.2,7.2,0,14.4,0,7.2,7.2,14.4,14.4,7.2,21.6,7.2,7.2,7.2,7.2,7.2,7.2,14.4,7.2,7.2,7.2,7.2,14.4,7.2
10/15/2017,2017,10,7.44,7.44,22.32,14.88,7.44,14.88,0,14.88,14.88,14.88,22.32,22.32,22.32,22.32,22.32,29.76,22.32,29.76,22.32,7.44,22.32,14.88,7.44,22.32,7.44,29.76,0,22.32,22.32,29.76,22.32,14.88,22.32,37.2,0,14.88,14.88,14.88,7.44,14.88,14.88,22.32,22.32,14.88,37.2,29.76
11/15/2017,2017,11,28.8,36,172.8,57.6,21.6,100.8,28.8,122.4,151.2,151.2,187.2,187.2,208.8,165.6,86.4,151.2,151.2,180,165.6,50.4,172.8,129.6,21.6,172.8,115.2,165.6,100.8,165.6,172.8,172.8,237.6,194.4,223.2,144,7.2,122.4,50.4,50.4,28.8,72,72,79.2,79.2,57.6,151.2,144
12/15/2017,2017,12,44.64,52.08,44.64,37.2,29.76,59.52,0,44.64,59.52,66.96,81.84,74.4,74.4,37.2,22.32,44.64,44.64,52.08,44.64,37.2,44.64,22.32,22.32,44.64,7.44,44.64,7.44,44.64,37.2,37.2,44.64,44.64,59.52,44.64,14.88,7.44,66.96,66.96,37.2,44.64,59.52,59.52,59.52,37.2,59.52,44.64
1/15/2018,2018,1,74.4,89.28,148.8,81.84,59.52,111.6,74.4,111.6,148.8,171.12,200.88,208.32,215.76,141.36,81.84,148.8,171.12,156.24,148.8,66.96,148.8,156.24,52.08,156.24,141.36,156.24,126.48,171.12,186,141.36,200.88,200.88,200.88,193.44,44.64,193.44,104.16,104.16,74.4,81.84,104.16,104.16,104.16,81.84,156.24,156.24
2/15/2018,2018,2,53.76,67.2,47.04,40.32,40.32,80.64,20.16,67.2,73.92,80.64,94.08,87.36,94.08,40.32,26.88,53.76,47.04,60.48,47.04,53.76,53.76,26.88,26.88,53.76,13.44,60.48,13.44,53.76,53.76,40.32,53.76,53.76,80.64,47.04,13.44,47.04,87.36,87.36,47.04,67.2,73.92,73.92,73.92,47.04,60.48,47.04
3/15/2018,2018,3,89.28,119.04,133.92,104.16,96.72,156.24,52.08,163.68,186,193.44,230.64,223.2,238.08,133.92,81.84,126.48,126.48,141.36,126.48,111.6,141.36,133.92,96.72,148.8,126.48,171.12,111.6,178.56,200.88,171.12,245.52,223.2,238.08,171.12,81.84,171.12,126.48,126.48,104.16,141.36,156.24,163.68,163.68,119.04,126.48,111.6
4/15/2018,2018,4,36,36,122.4,43.2,21.6,79.2,36,79.2,79.2,93.6,108,108,108,115.2,79.2,122.4,122.4,136.8,122.4,72,122.4,115.2,21.6,122.4,108,129.6,86.4,129.6,129.6,93.6,86.4,93.6,93.6,129.6,7.2,93.6,57.6,57.6,28.8,64.8,50.4,50.4,50.4,43.2,122.4,129.6
5/15/2018,2018,5,14.88,14.88,29.76,14.88,7.44,29.76,0,29.76,37.2,29.76,37.2,29.76,37.2,29.76,44.64,37.2,22.32,37.2,29.76,29.76,29.76,22.32,7.44,29.76,22.32,37.2,14.88,29.76,29.76,44.64,37.2,29.76,37.2,14.88,7.44,0,14.88,14.88,7.44,29.76,14.88,14.88,14.88,14.88,44.64,29.76
6/15/2018,2018,6,0,0,7.2,0,0,7.2,0,7.2,7.2,7.2,7.2,7.2,7.2,7.2,14.4,7.2,0,7.2,7.2,7.2,7.2,0,0,7.2,0,7.2,0,7.2,0,7.2,7.2,7.2,7.2,0,0,0,0,0,0,7.2,7.2,7.2,7.2,0,7.2,0
7/15/2018,2018,7,7.44,7.44,0,0,7.44,7.44,0,14.88,22.32,14.88,14.88,14.88,14.88,0,7.44,0,0,0,0,14.88,0,0,0,0,0,0,0,0,0,7.44,14.88,7.44,22.32,0,0,0,7.44,7.44,7.44,14.88,7.44,7.44,7.44,0,7.44,0
8/15/2018,2018,8,0,0,0,0,0,0,0,0,0,0,0,0,0,0,7.44,7.44,0,7.44,0,0,0,0,0,0,0,0,0,0,0,0,0,0,0,0,0,0,0,0,0,0,0,0,0,0,0,0
9/15/2018,2018,9,7.2,7.2,7.2,0,0,7.2,0,7.2,7.2,7.2,7.2,7.2,7.2,0,14.4,7.2,0,7.2,0,7.2,7.2,0,0,7.2,0,7.2,0,7.2,7.2,7.2,7.2,0,7.2,7.2,0,7.2,7.2,7.2,7.2,14.4,7.2,7.2,7.2,7.2,7.2,0
10/15/2018,2018,10,7.44,14.88,29.76,14.88,7.44,22.32,7.44,22.32,22.32,22.32,29.76,29.76,29.76,22.32,29.76,29.76,29.76,37.2,29.76,14.88,29.76,22.32,7.44,29.76,14.88,37.2,7.44,29.76,22.32,29.76,22.32,22.32,29.76,52.08,0,29.76,14.88,14.88,14.88,22.32,22.32,22.32,22.32,14.88,29.76,29.76
11/15/2018,2018,11,36,50.4,151.2,79.2,36,108,57.6,100.8,122.4,129.6,151.2,151.2,158.4,144,86.4,151.2,158.4,158.4,151.2,64.8,151.2,144,57.6,151.2,136.8,151.2,115.2,151.2,158.4,129.6,151.2,144,151.2,165.6,21.6,129.6,64.8,64.8,43.2,86.4,93.6,93.6,93.6,72,129.6,165.6
12/15/2018,2018,12,59.52,66.96,133.92,81.84,44.64,81.84,37.2,74.4,89.28,111.6,126.48,126.48,126.48,126.48,74.4,141.36,141.36,141.36,141.36,52.08,133.92,126.48,37.2,133.92,104.16,133.92,89.28,133.92,133.92,89.28,111.6,111.6,119.04,111.6,29.76,66.96,81.84,81.84,52.08,59.52,74.4,89.28,89.28,74.4,133.92,141.36
